Minimum in the potential energy:
-115.61162595
Invariance of current potential...
Potential before transformations:
-1.7979805125046842e20
Symmetry Operation E: -0.0
Symmetry Operation (123): -0.0
Symmetry Operation (132): 0.0038031056624341433
Symmetry Operation (12)*: 0.0038031056624341433
Symmetry Operation (23)*: 0.0038031056624341433
Symmetry Operation (13)*: 0.0038031056624341433
Initializing fit coordinates...
  4.695240 seconds (39.74 M allocations: 6.663 GiB, 4.38% gc time, 6.12% compilation time)
Done!
Begin fitting...
 26.517980 seconds (1.11 M allocations: 9.131 GiB, 2.27% gc time, 0.38% compilation time)
Done!
Parameters of fit:
f  0 0 0 0 0 0 0 0 0 0 0 0   -2.4423580995985523e7
f  0 0 0 0 0 0 0 0 0 0 0 3   -833617.6561658959
f  0 0 0 0 0 0 0 0 0 0 0 6   833745.1992415058
f  0 0 0 0 0 0 0 0 0 0 0 9   -833744.5638809757
f  0 0 0 0 0 0 0 0 0 0 0 12   811837.1963581317
f  0 0 0 0 0 0 0 0 0 0 0 15   -811837.1956471219
f  0 0 0 0 0 0 0 0 0 0 0 18   811837.1958659617
f  0 0 0 1 0 0 0 0 0 0 0 1   -1.0319220222711019e8
f  0 0 0 0 0 0 0 1 0 0 0 1   2.632805856767929e9
f  1 0 0 0 0 0 0 0 0 0 0 3   6.388009475443511e8
f  1 0 0 0 0 0 0 0 0 0 0 6   1.3197114698517571e8
f  1 0 0 0 0 0 0 0 0 0 0 9   3.041684719857537e8
f  1 0 0 0 0 0 0 0 0 0 0 12   1.195798605950233e8
f  0 1 0 0 0 0 0 0 0 0 0 3   -2.4613787992649814e8
f  0 1 0 0 0 0 0 0 0 0 0 6   1.8824171760731918e8
f  0 1 0 0 0 0 0 0 0 0 0 9   -2.4919262884686792e8
f  2 0 0 0 0 0 0 0 0 0 0 0   -3.743401075348137e10
f  0 2 0 0 0 0 0 0 0 0 0 0   3.1394339632584167e9
f  0 0 2 0 0 0 0 0 0 0 0 0   3.8513997739224344e7
f  0 0 0 2 0 0 0 0 0 0 0 1   1.2051290750689447e8
f  0 0 0 0 0 2 0 0 0 0 0 0   -1.8489981558639563e11
f  0 0 0 0 0 0 2 0 0 0 0 0   8.798077810218999e8
f  0 0 0 0 0 0 0 2 0 0 0 1   -1332.0747664445153
f  2 0 0 0 0 0 0 0 0 0 0 3   5.524930513199539e9
f  2 0 0 0 0 0 0 0 0 0 0 6   -1.1642478641465115e11
f  2 0 0 0 0 0 0 0 0 0 0 9   -5.739263398260685e9
f  0 2 0 0 0 0 0 0 0 0 0 3   9.825213216248493e9
f  0 2 0 0 0 0 0 0 0 0 0 6   8.328319018191571e9
f  0 2 0 0 0 0 0 0 0 0 0 9   -5.969567223758603e9
f  3 0 0 0 0 0 0 0 0 0 0 0   5.2220755315772e12
f  0 3 0 0 0 0 0 0 0 0 0 0   -1.3587980347584583e12
f  0 0 3 0 0 0 0 0 0 0 0 0   2.725377365695003e6
f  0 0 0 3 0 0 0 0 0 0 0 1   -7.977362370169923e8
f  0 0 0 0 0 3 0 0 0 0 0 0   -1.8768486193532508e6
f  0 0 0 0 0 0 3 0 0 0 0 0   -2.819027343804778e10
f  0 0 0 0 0 0 0 3 0 0 0 1   -547.0914992083746
f  3 0 0 0 0 0 0 0 0 0 0 3   1.077197924003938e10
f  3 0 0 0 0 0 0 0 0 0 0 6   -3.702173690659696e7
f  3 0 0 0 0 0 0 0 0 0 0 9   -8.089901383905863e11
f  0 3 0 0 0 0 0 0 0 0 0 3   1.9228082410955203e12
f  0 3 0 0 0 0 0 0 0 0 0 6   4.9490957370538074e8
f  0 3 0 0 0 0 0 0 0 0 0 9   -4.9491027144561815e8
f  4 0 0 0 0 0 0 0 0 0 0 0   -31875.361064388275
f  0 4 0 0 0 0 0 0 0 0 0 0   -3.9077045307402015e6
f  0 0 4 0 0 0 0 0 0 0 0 0   1.2421080508465633e8
f  0 0 0 4 0 0 0 0 0 0 0 1   -1.2783034249767644e9
f  0 0 0 0 0 4 0 0 0 0 0 0   -4955.557988310723
f  0 0 0 0 0 0 4 0 0 0 0 0   -2.628500045912734e10
f  0 0 0 0 0 0 0 4 0 0 0 1   1769.714239077356
f  4 0 0 0 0 0 0 0 0 0 0 3   525624.8346039922
f  4 0 0 0 0 0 0 0 0 0 0 6   -525606.6887868876
f  0 4 0 0 0 0 0 0 0 0 0 3   2.923526096170112e6
f  0 4 0 0 0 0 0 0 0 0 0 6   -2.917264899709249e6
f  0 4 0 0 0 0 0 0 0 0 0 9   2.9116706053928896e6
f  5 0 0 0 0 0 0 0 0 0 0 0   933.2898572787158
f  0 5 0 0 0 0 0 0 0 0 0 0   -372.09800314025125
f  0 0 5 0 0 0 0 0 0 0 0 0   1.0126813450598334e8
f  0 0 0 5 0 0 0 0 0 0 0 1   -1.9860728428272736e9
f  0 0 0 0 0 5 0 0 0 0 0 0   -384.41288387384566
f  0 0 0 0 0 0 5 0 0 0 0 0   6.689940484824053e10
f  0 0 0 0 0 0 0 5 0 0 0 1   -4472.147942027338
f  5 0 0 0 0 0 0 0 0 0 0 3   669.6044248458347
f  0 5 0 0 0 0 0 0 0 0 0 3   2069.900088636762
f  0 5 0 0 0 0 0 0 0 0 0 6   -2117.171461798356
f  6 0 0 0 0 0 0 0 0 0 0 0   1238.4797081706934
f  0 6 0 0 0 0 0 0 0 0 0 0   1287.0816033525905
f  0 0 6 0 0 0 0 0 0 0 0 0   -5.386364098391664e8
f  0 0 0 6 0 0 0 0 0 0 0 1   1.1741582599432647e9
f  0 0 0 0 0 6 0 0 0 0 0 0   -327.65554068698816
f  0 0 0 0 0 0 6 0 0 0 0 0   8.234114586709654e6
f  0 0 0 0 0 0 0 6 0 0 0 1   3600.21084130281
f  0 6 0 0 0 0 0 0 0 0 0 3   23.54512975328801
f  7 0 0 0 0 0 0 0 0 0 0 0   800.2112177132418
f  0 7 0 0 0 0 0 0 0 0 0 0   841.6183023834573
f  0 0 7 0 0 0 0 0 0 0 0 0   -8.315720841337566e8
f  0 0 0 7 0 0 0 0 0 0 0 1   5.6447841580018036e7
f  0 0 0 0 0 7 0 0 0 0 0 0   -574.5084986885228
f  0 0 0 0 0 0 7 0 0 0 0 0   -548119.2237463625
f  0 0 0 0 0 0 0 7 0 0 0 1   -1395.664881755664
f  0 7 0 0 0 0 0 0 0 0 0 3   -107.06877306810291
f  8 0 0 0 0 0 0 0 0 0 0 0   266.58563737770396
f  0 8 0 0 0 0 0 0 0 0 0 0   261.79196538916375
f  0 0 8 0 0 0 0 0 0 0 0 0   322944.1673892737
f  0 0 0 8 0 0 0 0 0 0 0 1   -5475.552972637412
f  0 0 0 0 0 8 0 0 0 0 0 0   726.8664727467362
f  0 0 0 0 0 0 8 0 0 0 0 0   -4451.701049449247
f  0 0 0 0 0 0 0 8 0 0 0 1   -143.3554464667424
f  0 8 0 0 0 0 0 0 0 0 0 3   -74.94985457963348
f  0 0 0 0 0 0 0 0 0 1 0 1   -6.158813534125256e6
f  0 0 0 0 0 0 0 0 0 2 0 0   1.2206127001142038e6
f  0 0 0 0 0 0 0 0 0 2 0 1   -1.0276308050128514e6
f  1 1 0 0 0 0 0 0 0 0 0 0   7.782518906102141e10
f  1 0 1 0 0 0 0 0 0 0 0 0   1.6947647064908653e8
f  1 0 0 1 0 0 0 0 0 0 0 1   -4.2299352134076777e9
f  1 0 0 0 0 1 0 0 0 0 0 0   -1.784384313643739e9
f  1 0 0 0 0 0 1 0 0 0 0 0   -8.656362255492432e9
f  1 0 0 0 0 0 0 1 0 0 0 1   -7541.547607989169
f  0 1 1 0 0 0 0 0 0 0 0 0   -1.7807776128820214e8
f  0 1 0 1 0 0 0 0 0 0 0 1   6.216821722621639e9
f  0 1 0 0 0 1 0 0 0 0 0 0   4.463593176532154e8
f  0 1 0 0 0 0 1 0 0 0 0 0   -1.7125683008729367e9
f  0 1 0 0 0 0 0 1 0 0 0 1   4625.851803623574
f  0 0 1 1 0 0 0 0 0 0 0 0   -7.921667755424885e7
f  0 0 1 1 0 0 0 0 0 0 0 1   1.6093118163928097e10
f  0 0 1 0 0 1 0 0 0 0 0 0   9.146621853526752e8
f  0 0 0 1 0 1 0 0 0 0 0 1   -9.036803329655937e10
f  0 0 1 0 0 0 1 0 0 0 0 0   -1.1939953922751509e7
f  0 0 1 0 0 0 0 1 0 0 0 0   -2.972514507281502e7
f  0 0 1 0 0 0 0 1 0 0 0 1   6.351263692276016e6
f  0 0 0 1 0 0 0 1 0 0 0 1   -1.6489649448032684e9
f  2 1 0 0 0 0 0 0 0 0 0 0   5.401929916099107e8
f  1 2 0 0 0 0 0 0 0 0 0 0   -2.3190774355895364e8
f  2 0 1 0 0 0 0 0 0 0 0 0   2.35415639807432e8
f  1 0 2 0 0 0 0 0 0 0 0 0   6.011403377744456e9
f  2 0 0 1 0 0 0 0 0 0 0 1   -4.997977550109273e9
f  1 0 0 2 0 0 0 0 0 0 0 1   -3.0644636381233433e10
f  2 0 0 0 0 1 0 0 0 0 0 0   1.916509512673266e7
f  1 0 0 0 0 2 0 0 0 0 0 0   9.620009323619684e6
f  2 0 0 0 0 0 1 0 0 0 0 0   2.6169137372302434e8
f  1 0 0 0 0 0 2 0 0 0 0 0   2.6798103958632535e8
f  2 0 0 0 0 0 0 1 0 0 0 1   1681.790127888599
f  1 0 0 0 0 0 0 2 0 0 0 1   11114.070724298752
f  0 2 1 0 0 0 0 0 0 0 0 0   -1.0608148279443982e9
f  0 1 2 0 0 0 0 0 0 0 0 0   2.4785129723865184e8
f  0 2 0 1 0 0 0 0 0 0 0 1   -7.305743366306197e9
f  0 1 0 2 0 0 0 0 0 0 0 1   -4.895103760200454e9
f  0 2 0 0 0 1 0 0 0 0 0 0   -8.6949209850164e6
f  0 1 0 0 0 2 0 0 0 0 0 0   1.4419449194796655e7
f  0 2 0 0 0 0 1 0 0 0 0 0   -1.84335380403675e9
f  0 1 0 0 0 0 2 0 0 0 0 0   -8.794798286024038e9
f  0 2 0 0 0 0 0 1 0 0 0 1   3450.8780552986077
f  0 1 0 0 0 0 0 2 0 0 0 1   -2534.1571255063805
f  0 0 2 1 0 0 0 0 0 0 0 0   2.192310185387869e9
f  0 0 2 1 0 0 0 0 0 0 0 1   -1.41491038462719e10
h  0 0 2 1 0 0 0 0 0 0 0 1   6.549608392947816e9
f  0 0 1 0 0 2 0 0 0 0 0 0   -5.3693585445603274e7
f  0 0 2 0 0 1 0 0 0 0 0 0   4.218697798345555e10
f  0 0 0 1 0 2 0 0 0 0 0 1   -6.6969423933818236e7
f  0 0 0 2 0 1 0 0 0 0 0 1   4.0560107895687e10
f  0 0 2 0 0 0 1 0 0 0 0 0   9.035991529803346e8
f  0 0 2 0 0 0 0 1 0 0 0 0   9.03594540033873e8
f  0 0 2 0 0 0 0 1 0 0 0 1   1.6305487982748616e9
f  0 0 0 2 0 0 0 1 0 0 0 1   -6.176466372599863e9
f  0 0 1 0 0 0 2 0 0 0 0 0   -3.558887437394897e8
f  0 0 1 0 0 0 0 2 0 0 0 0   -5.083583266247372e8
f  0 0 1 0 0 0 0 2 0 0 0 1   1.8631980797639214e10
f  0 0 0 1 0 0 0 2 0 0 0 1   -7.566782160366737e10
f  0 0 0 0 0 0 0 0 0 4 0 0   -74928.41340533269
f  0 0 0 0 0 0 0 0 0 4 0 1   90444.56067838623
f  3 1 0 0 0 0 0 0 0 0 0 0   1.5071582251836674e6
f  2 2 0 0 0 0 0 0 0 0 0 0   473617.7614493965
f  1 3 0 0 0 0 0 0 0 0 0 0   -311475.2708822418
f  3 0 1 0 0 0 0 0 0 0 0 0   4.325825069121494e6
f  2 0 2 0 0 0 0 0 0 0 0 0   4.667330496736246e8
f  1 0 3 0 0 0 0 0 0 0 0 0   -2.342256017549491e9
f  3 0 0 1 0 0 0 0 0 0 0 1   5.082724859717613e6
f  2 0 0 2 0 0 0 0 0 0 0 1   -7.32902851940607e8
f  1 0 0 3 0 0 0 0 0 0 0 1   -2.9305639037509197e10
f  3 0 0 0 0 1 0 0 0 0 0 0   -114469.60848409544
f  2 0 0 0 0 2 0 0 0 0 0 0   111512.37339178276
f  1 0 0 0 0 3 0 0 0 0 0 0   -1132.7423041105314
f  3 0 0 0 0 0 1 0 0 0 0 0   1.6119167566932254e7
f  2 0 0 0 0 0 2 0 0 0 0 0   3.3404930319310916e6
f  1 0 0 0 0 0 3 0 0 0 0 0   -2.528206840123049e8
f  3 0 0 0 0 0 0 1 0 0 0 1   -428.15352951075016
f  2 0 0 0 0 0 0 2 0 0 0 1   -2130.218092583999
f  1 0 0 0 0 0 0 3 0 0 0 1   -5208.633707031115
f  0 3 1 0 0 0 0 0 0 0 0 0   -8.411015569515308e6
f  0 2 2 0 0 0 0 0 0 0 0 0   -2.035651308834992e9
f  0 1 3 0 0 0 0 0 0 0 0 0   -1.5316505327547877e9
f  0 3 0 1 0 0 0 0 0 0 0 1   -1.9295492709303506e7
f  0 2 0 2 0 0 0 0 0 0 0 1   -9.51505906649061e8
f  0 1 0 3 0 0 0 0 0 0 0 1   5.801471565369208e10
f  0 3 0 0 0 1 0 0 0 0 0 0   -587502.5849777098
f  0 2 0 0 0 2 0 0 0 0 0 0   -74327.29676230314
f  0 1 0 0 0 3 0 0 0 0 0 0   1403.272761546078
f  0 3 0 0 0 0 1 0 0 0 0 0   -2.223829417439786e6
f  0 2 0 0 0 0 2 0 0 0 0 0   -1.6186097012378138e8
f  0 1 0 0 0 0 3 0 0 0 0 0   1.5286205524832898e8
f  0 3 0 0 0 0 0 1 0 0 0 1   1717.6132932600947
f  0 2 0 0 0 0 0 2 0 0 0 1   -1866.1232736698266
f  0 1 0 0 0 0 0 3 0 0 0 1   767.0804640035981
f  0 0 3 1 0 0 0 0 0 0 0 0   2.0736722084494524e9
f  0 0 2 2 0 0 0 0 0 0 0 0   -3.3335130664911776e9
f  0 0 3 1 0 0 0 0 0 0 0 1   -2.5059268942447315e10
h  0 0 3 1 0 0 0 0 0 0 0 1   5.3148115982919365e7
f  0 0 2 2 0 0 0 0 0 0 0 1   -1.0097559849364706e9
f  0 0 1 0 0 3 0 0 0 0 0 0   -18262.844939855866
f  0 0 2 0 0 2 0 0 0 0 0 0   -4.868234550876009e7
f  0 0 3 0 0 1 0 0 0 0 0 0   1.9100034478662875e9
f  0 0 0 1 0 3 0 0 0 0 0 1   -28192.368520349435
f  0 0 0 2 0 2 0 0 0 0 0 1   4.434166942000954e7
f  0 0 0 3 0 1 0 0 0 0 0 1   -2.2285273397961765e10
f  0 0 3 0 0 0 1 0 0 0 0 0   -4.5796265952759916e8
f  0 0 3 0 0 0 0 1 0 0 0 0   -4.113918505471412e8
f  0 0 3 0 0 0 0 1 0 0 0 1   7.054193625920494e9
f  0 0 0 3 0 0 0 1 0 0 0 1   -1.9589508755077858e9
f  0 0 2 0 0 0 2 0 0 0 0 0   1.743684249748048e10
f  0 0 2 0 0 0 0 2 0 0 0 0   2.3264778430471306e10
f  0 0 0 2 0 0 0 2 0 0 0 1   -3.191732301699684e10
f  0 0 1 0 0 0 3 0 0 0 0 0   2.3660442568996847e8
f  0 0 1 0 0 0 0 3 0 0 0 0   2.3659846570228294e8
f  0 0 1 0 0 0 0 3 0 0 0 1   -6.494740565661258e10
f  0 0 0 1 0 0 0 3 0 0 0 1   -1.3263303158231752e10
f  0 0 0 0 0 0 0 0 0 5 0 0   -14173.105851622915
f  4 1 0 0 0 0 0 0 0 0 0 0   13290.029829474031
f  3 2 0 0 0 0 0 0 0 0 0 0   -7832.6343122099315
f  2 3 0 0 0 0 0 0 0 0 0 0   7574.135701073533
f  1 4 0 0 0 0 0 0 0 0 0 0   3646.923986163227
f  4 0 1 0 0 0 0 0 0 0 0 0   6887.5319116177925
f  3 0 2 0 0 0 0 0 0 0 0 0   1.0582241757980108e6
f  2 0 3 0 0 0 0 0 0 0 0 0   4.095891060230793e7
f  1 0 4 0 0 0 0 0 0 0 0 0   3.453733583304946e9
f  4 0 0 1 0 0 0 0 0 0 0 1   3787.2099764616087
f  3 0 0 2 0 0 0 0 0 0 0 1   407079.4781183709
f  1 0 0 4 0 0 0 0 0 0 0 1   4.076700183190298e10
f  4 0 0 0 0 1 0 0 0 0 0 0   -1257.1362529136993
f  3 0 0 0 0 2 0 0 0 0 0 0   441.17658494258484
f  2 0 0 0 0 3 0 0 0 0 0 0   2884.1420908366545
f  1 0 0 0 0 4 0 0 0 0 0 0   -93.76631063896517
f  4 0 0 0 0 0 1 0 0 0 0 0   -19616.612472672175
f  3 0 0 0 0 0 2 0 0 0 0 0   -21887.13540556873
f  2 0 0 0 0 0 3 0 0 0 0 0   -6.121432130135525e6
f  1 0 0 0 0 0 4 0 0 0 0 0   -1.756909738961787e7
f  4 0 0 0 0 0 0 1 0 0 0 1   -1666.747984240704
f  3 0 0 0 0 0 0 2 0 0 0 1   -1450.3873605043473
f  2 0 0 0 0 0 0 3 0 0 0 1   3100.8036663847643
f  1 0 0 0 0 0 0 4 0 0 0 1   521.4049134718543
f  0 4 1 0 0 0 0 0 0 0 0 0   -21978.897455697406
f  0 3 2 0 0 0 0 0 0 0 0 0   2.9208468445789386e6
f  0 2 3 0 0 0 0 0 0 0 0 0   -7.751965661557877e7
f  0 1 4 0 0 0 0 0 0 0 0 0   -7.299273246459204e8
f  0 4 0 1 0 0 0 0 0 0 0 1   207657.05405123168
f  0 3 0 2 0 0 0 0 0 0 0 1   -855628.5122050173
f  0 2 0 3 0 0 0 0 0 0 0 1   -3.895428333783152e7
f  0 1 0 4 0 0 0 0 0 0 0 1   -3.7237645473512146e10
f  0 4 0 0 0 1 0 0 0 0 0 0   -1746.5981899430415
f  0 3 0 0 0 2 0 0 0 0 0 0   979.0923628815917
f  0 2 0 0 0 3 0 0 0 0 0 0   1051.7802875607845
f  0 1 0 0 0 4 0 0 0 0 0 0   -330.46983149961284
f  0 4 0 0 0 0 1 0 0 0 0 0   35950.18523607166
f  0 3 0 0 0 0 2 0 0 0 0 0   19512.44230979798
f  0 2 0 0 0 0 3 0 0 0 0 0   309455.4125793436
f  0 1 0 0 0 0 4 0 0 0 0 0   5.397451183955032e7
f  0 4 0 0 0 0 0 1 0 0 0 1   523.1697354285855
f  0 3 0 0 0 0 0 2 0 0 0 1   -1698.9637488286892
f  0 2 0 0 0 0 0 3 0 0 0 1   1196.5904977859466
f  0 1 0 0 0 0 0 4 0 0 0 1   921.4621494195021
f  0 0 4 1 0 0 0 0 0 0 0 0   2.4763815612833366e10
f  0 0 3 2 0 0 0 0 0 0 0 0   -1.9556387961158775e7
f  0 0 4 1 0 0 0 0 0 0 0 1   -8.450365510770348e10
h  0 0 4 1 0 0 0 0 0 0 0 1   -252194.2309218607
f  0 0 3 2 0 0 0 0 0 0 0 1   -5.400866474501228e9
h  0 0 3 2 0 0 0 0 0 0 0 1   -6.6118834722299995e6
f  0 0 1 0 0 4 0 0 0 0 0 0   -742.7259976571534
f  0 0 2 0 0 3 0 0 0 0 0 0   -38610.59166358863
f  0 0 3 0 0 2 0 0 0 0 0 0   2.9284805174834863e6
f  0 0 4 0 0 1 0 0 0 0 0 0   -3.882127216744991e9
f  0 0 0 1 0 4 0 0 0 0 0 1   1242.1373791657752
f  0 0 0 2 0 3 0 0 0 0 0 1   -24472.943463718217
f  0 0 0 3 0 2 0 0 0 0 0 1   5.459901409680119e7
f  0 0 0 4 0 1 0 0 0 0 0 1   9.353039095995289e9
f  0 0 4 0 0 0 1 0 0 0 0 0   -4.370783803315732e7
f  0 0 4 0 0 0 0 1 0 0 0 0   -3.0492778248305693e7
f  0 0 4 0 0 0 0 1 0 0 0 1   1.217380666342664e10
f  0 0 0 4 0 0 0 1 0 0 0 1   -3.645680727858389e10
f  0 0 3 0 0 0 2 0 0 0 0 0   1.3016667926613538e8
f  0 0 3 0 0 0 0 2 0 0 0 0   1.3017682733584052e8
f  0 0 3 0 0 0 0 2 0 0 0 1   -4.306343671410891e10
f  0 0 0 3 0 0 0 2 0 0 0 1   3.2650810094894352e10
f  0 0 2 0 0 0 3 0 0 0 0 0   -1.1584044833334317e9
f  0 0 2 0 0 0 0 3 0 0 0 0   -1.158406450613424e9
f  0 0 0 2 0 0 0 3 0 0 0 1   2.9018719059212847e9
f  0 0 1 0 0 0 4 0 0 0 0 0   3.3497660426842984e7
f  0 0 1 0 0 0 0 4 0 0 0 0   3.3492670332607128e7
f  0 0 1 0 0 0 0 4 0 0 0 1   -1.438772010708579e9
f  0 0 0 1 0 0 0 4 0 0 0 1   -5.0316212705685127e8
f  3 3 0 0 0 0 0 0 0 0 0 0   -145.44043103977307
f  2 4 0 0 0 0 0 0 0 0 0 0   -433.07472215910917
f  1 5 0 0 0 0 0 0 0 0 0 0   713.0003001554923
f  5 0 1 0 0 0 0 0 0 0 0 0   -250.78340182684275
f  4 0 2 0 0 0 0 0 0 0 0 0   -68492.64304358527
f  3 0 3 0 0 0 0 0 0 0 0 0   -1.2986604685762625e6
f  2 0 4 0 0 0 0 0 0 0 0 0   2.0299009467041466e8
f  1 0 5 0 0 0 0 0 0 0 0 0   -5.713738306673631e9
f  5 0 0 1 0 0 0 0 0 0 0 1   605.5656997371897
f  4 0 0 2 0 0 0 0 0 0 0 1   23109.37236424765
f  3 0 0 3 0 0 0 0 0 0 0 1   591301.7953410768
f  2 0 0 4 0 0 0 0 0 0 0 1   -2.431251862049129e8
f  1 0 0 5 0 0 0 0 0 0 0 1   3.857709809591968e10
f  5 0 0 0 0 1 0 0 0 0 0 0   -479.3136876736098
f  4 0 0 0 0 2 0 0 0 0 0 0   -515.3910477068227
f  3 0 0 0 0 3 0 0 0 0 0 0   445.9134840763925
f  5 0 0 0 0 0 1 0 0 0 0 0   -2628.2088416744236
f  4 0 0 0 0 0 2 0 0 0 0 0   -4511.653042039102
f  3 0 0 0 0 0 3 0 0 0 0 0   -2507.62774337941
f  2 0 0 0 0 0 4 0 0 0 0 0   89376.1767539217
f  1 0 0 0 0 0 5 0 0 0 0 0   -1.3820309013474286e6
f  5 0 0 0 0 0 0 1 0 0 0 1   -1345.4581093643028
f  4 0 0 0 0 0 0 2 0 0 0 1   305.61598184581425
f  3 0 0 0 0 0 0 3 0 0 0 1   1572.5196264411634
f  2 0 0 0 0 0 0 4 0 0 0 1   -2303.3863696571693
f  1 0 0 0 0 0 0 5 0 0 0 1   3852.722062617371
f  0 5 1 0 0 0 0 0 0 0 0 0   -49.775191247367495
f  0 4 2 0 0 0 0 0 0 0 0 0   -96219.79747277485
f  0 3 3 0 0 0 0 0 0 0 0 0   -131631.2337188454
f  0 2 4 0 0 0 0 0 0 0 0 0   -1.5148658688637677e8
f  0 1 5 0 0 0 0 0 0 0 0 0   -2.76516391739069e9
f  0 5 0 1 0 0 0 0 0 0 0 1   -1139.226740854503
f  0 4 0 2 0 0 0 0 0 0 0 1   -35879.55733763167
f  0 3 0 3 0 0 0 0 0 0 0 1   6.664707098605295e6
f  0 2 0 4 0 0 0 0 0 0 0 1   -2.764643841874995e8
f  0 1 0 5 0 0 0 0 0 0 0 1   3.082704624060663e10
f  0 4 0 0 0 2 0 0 0 0 0 0   -717.4349537117088
f  0 3 0 0 0 3 0 0 0 0 0 0   335.48506112095487
f  0 2 0 0 0 4 0 0 0 0 0 0   488.45732840929617
f  0 1 0 0 0 5 0 0 0 0 0 0   1211.6200985455714
f  0 5 0 0 0 0 1 0 0 0 0 0   1169.3998576792953
f  0 4 0 0 0 0 2 0 0 0 0 0   -436.63315630089323
f  0 3 0 0 0 0 3 0 0 0 0 0   -10363.662098458466
f  0 2 0 0 0 0 4 0 0 0 0 0   -18349.7885473325
f  0 1 0 0 0 0 5 0 0 0 0 0   122103.24993649604
f  0 4 0 0 0 0 0 2 0 0 0 1   -3475.13196444
f  0 3 0 0 0 0 0 3 0 0 0 1   2183.2383393699984
f  0 2 0 0 0 0 0 4 0 0 0 1   -1898.2345408771698
f  0 1 0 0 0 0 0 5 0 0 0 1   -1862.9826029256
f  0 0 5 1 0 0 0 0 0 0 0 0   -2.5297434560956726e10
f  0 0 4 2 0 0 0 0 0 0 0 0   -3.904670580355526e8
f  0 0 3 3 0 0 0 0 0 0 0 0   267607.2752573238
f  0 0 5 1 0 0 0 0 0 0 0 1   2.7314827163737175e10
h  0 0 5 1 0 0 0 0 0 0 0 1   8997.419695301345
f  0 0 4 2 0 0 0 0 0 0 0 1   1.2838670005486956e9
h  0 0 4 2 0 0 0 0 0 0 0 1   -234447.47605157518
f  0 0 3 3 0 0 0 0 0 0 0 1   2.0195908043983053e7
f  0 0 1 0 0 5 0 0 0 0 0 0   186.85184330421976
f  0 0 2 0 0 4 0 0 0 0 0 0   -40.543728335744554
f  0 0 3 0 0 3 0 0 0 0 0 0   171.02293019634567
f  0 0 4 0 0 2 0 0 0 0 0 0   6.195976489168601e6
f  0 0 5 0 0 1 0 0 0 0 0 0   -7.809795606095027e8
f  0 0 0 1 0 5 0 0 0 0 0 1   -1154.630897596224
f  0 0 0 2 0 4 0 0 0 0 0 1   -753.8500861810256
f  0 0 0 3 0 3 0 0 0 0 0 1   -35637.623342813604
f  0 0 0 4 0 2 0 0 0 0 0 1   -995516.3414724447
f  0 0 0 5 0 1 0 0 0 0 0 1   1.544980507792163e9
f  0 0 5 0 0 0 1 0 0 0 0 0   2.9081115650048356e9
f  0 0 5 0 0 0 0 1 0 0 0 0   2.949920027147152e9
f  0 0 5 0 0 0 0 1 0 0 0 1   -7.731950663189073e9
f  0 0 0 5 0 0 0 1 0 0 0 1   -4.1435056292480736e10
f  0 0 4 0 0 0 2 0 0 0 0 0   1.0990546316868517e10
f  0 0 4 0 0 0 0 2 0 0 0 0   1.099061040147063e10
f  0 0 4 0 0 0 0 2 0 0 0 1   2.509818878562342e10
f  0 0 0 4 0 0 0 2 0 0 0 1   8.414171104133944e9
f  0 0 3 0 0 0 3 0 0 0 0 0   4.170577193234455e8
f  0 0 3 0 0 0 0 3 0 0 0 0   4.1705561972810006e8
f  0 0 0 3 0 0 0 3 0 0 0 1   -6.034309354598563e7
f  0 0 2 0 0 0 4 0 0 0 0 0   -2.8638922967732064e7
f  0 0 2 0 0 0 0 4 0 0 0 0   -2.8642050016523268e7
f  0 0 2 0 0 0 0 4 0 0 0 1   9.000041892745885e7
f  0 0 0 2 0 0 0 4 0 0 0 1   -2.6499970988079015e7
f  0 0 1 0 0 0 5 0 0 0 0 0   744489.0542178913
f  0 0 1 0 0 0 0 5 0 0 0 0   742897.0674562147
f  0 0 1 0 0 0 0 5 0 0 0 1   -1.0681532066806173e7
f  0 0 0 1 0 0 0 5 0 0 0 1   -1.344786277993649e7
f  6 1 0 0 0 0 0 0 0 0 0 0   -84.90451281526657
f  5 2 0 0 0 0 0 0 0 0 0 0   395.82680787946236
f  4 3 0 0 0 0 0 0 0 0 0 0   -80.8715764793674
f  3 4 0 0 0 0 0 0 0 0 0 0   715.141758341405
f  2 5 0 0 0 0 0 0 0 0 0 0   -642.8929611480643
f  6 0 1 0 0 0 0 0 0 0 0 0   -149.67925777237124
f  5 0 2 0 0 0 0 0 0 0 0 0   -554.8594747164896
f  4 0 3 0 0 0 0 0 0 0 0 0   -9821.464796382199
f  3 0 4 0 0 0 0 0 0 0 0 0   860550.377281277
f  2 0 5 0 0 0 0 0 0 0 0 0   1.076675451194096e8
f  1 0 6 0 0 0 0 0 0 0 0 0   -2.5668360480696785e10
f  3 0 0 4 0 0 0 0 0 0 0 1   -700385.78238855
f  2 0 0 5 0 0 0 0 0 0 0 1   -4.568931419440982e7
f  1 0 0 6 0 0 0 0 0 0 0 1   2.3930939803735524e8
f  6 0 0 0 0 1 0 0 0 0 0 0   -1578.0810332803296
f  5 0 0 0 0 2 0 0 0 0 0 0   -1655.4542957932613
f  4 0 0 0 0 3 0 0 0 0 0 0   -163.53491602093118
f  3 0 0 0 0 4 0 0 0 0 0 0   899.0216300614148
f  2 0 0 0 0 5 0 0 0 0 0 0   319.03126653700684
f  6 0 0 0 0 0 1 0 0 0 0 0   -2485.4296368273535
f  5 0 0 0 0 0 2 0 0 0 0 0   -2950.5989461548606
f  4 0 0 0 0 0 3 0 0 0 0 0   -1607.5237879858544
f  3 0 0 0 0 0 4 0 0 0 0 0   -379.07874100463494
f  2 0 0 0 0 0 5 0 0 0 0 0   -8228.695260749302
f  1 0 0 0 0 0 6 0 0 0 0 0   23100.612463749312
f  6 0 0 0 0 0 0 1 0 0 0 1   -557.1699051255206
f  5 0 0 0 0 0 0 2 0 0 0 1   748.54136702
f  4 0 0 0 0 0 0 3 0 0 0 1   -569.0298621010757
f  3 0 0 0 0 0 0 4 0 0 0 1   -1438.0383400313958
f  2 0 0 0 0 0 0 5 0 0 0 1   834.1760367211621
f  1 0 0 0 0 0 0 6 0 0 0 1   -3322.7393756992897
f  0 6 1 0 0 0 0 0 0 0 0 0   -44.48726332641033
f  0 5 2 0 0 0 0 0 0 0 0 0   -280.0371792373298
f  0 4 3 0 0 0 0 0 0 0 0 0   580.8073193591947
f  0 3 4 0 0 0 0 0 0 0 0 0   585428.6976532153
f  0 2 5 0 0 0 0 0 0 0 0 0   1.0889058541964741e7
f  0 1 6 0 0 0 0 0 0 0 0 0   -6.362492102573147e9
f  0 6 0 1 0 0 0 0 0 0 0 1   -698.2372937452533
f  0 5 0 2 0 0 0 0 0 0 0 1   -915.8584586020656
f  0 4 0 3 0 0 0 0 0 0 0 1   55807.65657125439
f  0 3 0 4 0 0 0 0 0 0 0 1   -200620.70213511947
f  0 2 0 5 0 0 0 0 0 0 0 1   1.193428432481647e8
f  0 1 0 6 0 0 0 0 0 0 0 1   -1.4213349410908106e10
f  0 6 0 0 0 1 0 0 0 0 0 0   -1439.5147217341434
f  0 5 0 0 0 2 0 0 0 0 0 0   -2376.0125397981233
f  0 3 0 0 0 4 0 0 0 0 0 0   852.4658762067288
f  0 2 0 0 0 5 0 0 0 0 0 0   1477.9752059534405
f  0 6 0 0 0 0 1 0 0 0 0 0   483.17120155069597
f  0 5 0 0 0 0 2 0 0 0 0 0   -1164.9731429900978
f  0 4 0 0 0 0 3 0 0 0 0 0   186.44204747626605
f  0 3 0 0 0 0 4 0 0 0 0 0   -1370.8291419031189
f  0 2 0 0 0 0 5 0 0 0 0 0   1221.6943959734801
f  0 1 0 0 0 0 6 0 0 0 0 0   -3493.245122737418
f  0 5 0 0 0 0 0 2 0 0 0 1   -1932.1729775516728
f  0 4 0 0 0 0 0 3 0 0 0 1   1238.7089575378488
f  0 3 0 0 0 0 0 4 0 0 0 1   -2576.4334929156976
f  0 2 0 0 0 0 0 5 0 0 0 1   -449.8655156500004
f  0 1 0 0 0 0 0 6 0 0 0 1   820.8281292400037
f  0 0 6 1 0 0 0 0 0 0 0 0   2.096783491377008e9
f  0 0 5 2 0 0 0 0 0 0 0 0   -3.745125380895127e7
f  0 0 4 3 0 0 0 0 0 0 0 0   3.788373022567691e6
f  0 0 6 1 0 0 0 0 0 0 0 1   -4.359057068818788e9
f  0 0 5 2 0 0 0 0 0 0 0 1   -2.4748664492728034e8
f  0 0 1 0 0 6 0 0 0 0 0 0   68.02879716142004
f  0 0 3 0 0 4 0 0 0 0 0 0   143.70981870960355
f  0 0 4 0 0 3 0 0 0 0 0 0   15528.012172192022
f  0 0 5 0 0 2 0 0 0 0 0 0   1.946700534598916e6
f  0 0 6 0 0 1 0 0 0 0 0 0   2.4566445918364058e9
f  0 0 0 1 0 6 0 0 0 0 0 1   804.3393422659138
f  0 0 0 2 0 5 0 0 0 0 0 1   638.8659051672338
f  0 0 0 3 0 4 0 0 0 0 0 1   -578.6239990150568
f  0 0 0 4 0 3 0 0 0 0 0 1   -5296.915834481685
f  0 0 0 5 0 2 0 0 0 0 0 1   3.7428525603772528e6
f  0 0 0 6 0 1 0 0 0 0 0 1   -1.1383803790433621e9
f  0 0 6 0 0 0 1 0 0 0 0 0   -8.59001945616633e9
f  0 0 6 0 0 0 0 1 0 0 0 0   -8.590021989797503e9
f  0 0 6 0 0 0 0 1 0 0 0 1   6.731894602649931e9
f  0 0 0 6 0 0 0 1 0 0 0 1   3.6581656196985504e10
f  0 0 5 0 0 0 2 0 0 0 0 0   3.074546966658124e9
f  0 0 5 0 0 0 0 2 0 0 0 0   3.074557245292433e9
f  0 0 5 0 0 0 0 2 0 0 0 1   -1.032011677132508e9
f  0 0 0 5 0 0 0 2 0 0 0 1   1.6877983302276988e9
f  0 0 4 0 0 0 3 0 0 0 0 0   -2.0012472722015035e8
f  0 0 4 0 0 0 0 3 0 0 0 0   -2.0012916201655093e8
f  0 0 4 0 0 0 0 3 0 0 0 1   -2.147624833140712e8
f  0 0 0 4 0 0 0 3 0 0 0 1   9.991047322449775e7
f  0 0 3 0 0 0 4 0 0 0 0 0   6.860493388186658e6
f  0 0 3 0 0 0 0 4 0 0 0 0   6.860624427163583e6
f  0 0 3 0 0 0 0 4 0 0 0 1   -1.860123082175441e8
f  0 0 0 3 0 0 0 4 0 0 0 1   7.322775904299384e7
f  0 0 2 0 0 0 5 0 0 0 0 0   6.433587183469625e6
f  0 0 2 0 0 0 0 5 0 0 0 0   6.435587142699593e6
f  0 0 2 0 0 0 0 5 0 0 0 1   -2.575275992233516e6
f  0 0 0 2 0 0 0 5 0 0 0 1   -2.984620193238394e7
f  0 0 1 0 0 0 6 0 0 0 0 0   681884.5562123427
f  0 0 1 0 0 0 0 6 0 0 0 0   253850.3862288192
f  0 0 0 1 0 0 0 6 0 0 0 1   1.187816287027188e6
f  7 1 0 0 0 0 0 0 0 0 0 0   -190.64656771658318
f  5 3 0 0 0 0 0 0 0 0 0 0   495.6281981099396
f  3 5 0 0 0 0 0 0 0 0 0 0   580.5637338443685
f  2 6 0 0 0 0 0 0 0 0 0 0   -435.09540967423777
f  1 7 0 0 0 0 0 0 0 0 0 0   -210.8234337393866
f  7 0 0 0 0 1 0 0 0 0 0 0   -1717.122698320843
f  6 0 0 0 0 2 0 0 0 0 0 0   -1134.853184041718
f  5 0 0 0 0 3 0 0 0 0 0 0   1532.1789959592431
f  4 0 0 0 0 4 0 0 0 0 0 0   2118.7576387127788
f  3 0 0 0 0 5 0 0 0 0 0 0   677.1702283969819
f  2 0 0 0 0 6 0 0 0 0 0 0   -484.2809203121324
f  1 0 0 0 0 7 0 0 0 0 0 0   -671.4377690867805
f  0 7 0 0 0 1 0 0 0 0 0 0   -1227.5088157237024
f  0 6 0 0 0 2 0 0 0 0 0 0   -2134.747568765192
f  0 4 0 0 0 4 0 0 0 0 0 0   2117.128981268734
f  0 3 0 0 0 5 0 0 0 0 0 0   1428.617951870048
f  0 2 0 0 0 6 0 0 0 0 0 0   -1612.1071894241902
f  0 1 0 0 0 7 0 0 0 0 0 0   -1308.1677619280695
f  0 0 7 1 0 0 0 0 0 0 0 0   -7.622576085317323e9
f  0 0 6 2 0 0 0 0 0 0 0 0   -1.5288999634856518e7
f  0 0 4 4 0 0 0 0 0 0 0 0   -52012.7875237871
f  0 0 6 2 0 0 0 0 0 0 0 1   -5.260836088786764e6
f  0 0 5 3 0 0 0 0 0 0 0 1   6.032105885155158e6
f  0 0 7 0 0 0 1 0 0 0 0 0   -8.763034514352175e9
f  0 0 7 0 0 0 0 1 0 0 0 0   -8.763004633820837e9
f  0 0 0 7 0 0 0 1 0 0 0 1   1.2712343239616091e9
f  0 0 6 0 0 0 2 0 0 0 0 0   -3.84094565868578e9
f  0 0 6 0 0 0 0 2 0 0 0 0   -3.840936871653496e9
f  0 0 0 6 0 0 0 2 0 0 0 1   9.984875300049843e8
f  0 0 5 0 0 0 3 0 0 0 0 0   -2.9168793783966925e7
f  0 0 5 0 0 0 0 3 0 0 0 0   -2.9174135624687195e7
f  0 0 0 5 0 0 0 3 0 0 0 1   3.073390892657889e8
f  0 0 4 0 0 0 4 0 0 0 0 0   -5.507602888010016e6
f  0 0 4 0 0 0 0 4 0 0 0 0   -5.5039645009685885e6
f  0 0 4 0 0 0 0 4 0 0 0 1   -4.319583340880294e7
f  0 0 0 4 0 0 0 4 0 0 0 1   2.0056135449601891e6
f  0 0 3 0 0 0 5 0 0 0 0 0   1.2656023632530426e6
f  0 0 3 0 0 0 0 5 0 0 0 0   1.2714596389059278e6
f  0 0 3 0 0 0 0 5 0 0 0 1   -2.420453686172668e7
f  0 0 0 3 0 0 0 5 0 0 0 1   1.7781142917841212e6
f  0 0 2 0 0 0 6 0 0 0 0 0   82008.27188199242
f  0 0 2 0 0 0 0 6 0 0 0 0   80932.0745243871
f  0 0 0 2 0 0 0 6 0 0 0 1   -133005.47061996415
f  0 0 1 0 0 0 7 0 0 0 0 0   12280.989242352287
f  0 0 1 0 0 0 0 7 0 0 0 0   8207.943234683446
f  0 0 0 1 0 0 0 7 0 0 0 1   -100582.03393389743
f  1 0 0 0 0 0 0 0 0 1 0 1   2.244900991666082e8
f  0 1 0 0 0 0 0 0 0 1 0 1   1.785768061423994e9
f  2 0 0 0 0 0 0 0 0 1 0 1   -2.125592414501233e9
f  1 0 0 0 0 0 0 0 0 2 0 0   2.0499889370274624e8
f  1 0 0 0 0 0 0 0 0 2 0 1   -2.9794277045090336e7
f  0 2 0 0 0 0 0 0 0 1 0 1   7.631763140297999e9
f  0 1 0 0 0 0 0 0 0 2 0 0   1.6024491036029962e8
f  0 1 0 0 0 0 0 0 0 2 0 1   -1.5111747462850517e8
f  3 0 0 0 0 0 0 0 0 1 0 1   9.32837487416398e6
f  2 0 0 0 0 0 0 0 0 2 0 0   3.11087056014272e10
f  2 0 0 0 0 0 0 0 0 2 0 1   -1.603725622631702e10
f  0 3 0 0 0 0 0 0 0 1 0 1   5.468854390317855e7
f  0 2 0 0 0 0 0 0 0 2 0 0   3.2749210424577847e10
f  0 2 0 0 0 0 0 0 0 2 0 1   -4.44351515312446e10
f  4 0 0 0 0 0 0 0 0 1 0 1   -167888.60437426818
f  3 0 0 0 0 0 0 0 0 2 0 0   7.854548593991946e9
f  3 0 0 0 0 0 0 0 0 2 0 1   -2.3667320332965207e9
f  1 0 0 0 0 0 0 0 0 4 0 0   -1.5516885506822428e7
f  1 0 0 0 0 0 0 0 0 4 0 1   1.884992262862457e7
f  0 4 0 0 0 0 0 0 0 1 0 1   -469422.7519417031
f  0 3 0 0 0 0 0 0 0 2 0 0   1.6702198941887915e10
f  0 3 0 0 0 0 0 0 0 2 0 1   -5.246560651678893e9
f  0 1 0 0 0 0 0 0 0 4 0 0   -7.542459104717705e6
f  0 1 0 0 0 0 0 0 0 4 0 1   1.6535881503414614e7
f  5 0 0 0 0 0 0 0 0 1 0 1   -1046.2426441590344
f  4 0 0 0 0 0 0 0 0 2 0 0   5.320539462966092e7
f  4 0 0 0 0 0 0 0 0 2 0 1   -9.108475745022397e6
f  2 0 0 0 0 0 0 0 0 4 0 0   -1.9379393110767124e9
f  2 0 0 0 0 0 0 0 0 4 0 1   2.928328102178097e9
f  1 0 0 0 0 0 0 0 0 5 0 0   -2.3594459461437683e6
f  0 5 0 0 0 0 0 0 0 1 0 1   -3377.1260183885897
f  0 4 0 0 0 0 0 0 0 2 0 0   8.896171565875465e7
f  0 4 0 0 0 0 0 0 0 2 0 1   -1.682354520636238e7
f  0 2 0 0 0 0 0 0 0 4 0 0   -8.438172597175363e8
f  0 2 0 0 0 0 0 0 0 4 0 1   3.0219505105760403e9
f  0 1 0 0 0 0 0 0 0 5 0 0   -2.727558073447067e6
f  6 0 0 0 0 0 0 0 0 1 0 1   56.0092691102955
f  5 0 0 0 0 0 0 0 0 2 0 0   220908.99812469975
f  5 0 0 0 0 0 0 0 0 2 0 1   -66625.3574083478
f  3 0 0 0 0 0 0 0 0 4 0 0   -4.971373943315068e10
f  3 0 0 0 0 0 0 0 0 4 0 1   1.3181577171398096e10
f  2 0 0 0 0 0 0 0 0 5 0 0   2.4776549786105114e8
f  0 6 0 0 0 0 0 0 0 1 0 1   411.81275474319915
f  0 5 0 0 0 0 0 0 0 2 0 0   725472.5073716904
f  0 5 0 0 0 0 0 0 0 2 0 1   -137517.9420835891
f  0 3 0 0 0 0 0 0 0 4 0 0   -7.982514455356046e10
f  0 3 0 0 0 0 0 0 0 4 0 1   3.0614420656034588e10
f  0 2 0 0 0 0 0 0 0 5 0 0   5.112739918025597e8
f  0 0 0 0 0 0 0 0 0 1 2 0   -158105.0965812246
h  0 0 0 0 0 0 0 0 0 2 1 1   2.93358408238572e6
f  0 0 0 0 0 0 0 0 0 4 2 0   -9306.710745127451
f  0 0 0 0 0 0 0 0 0 2 4 0   7006.750227738824
f  1 0 0 0 0 0 0 0 0 1 2 0   1.0711268068415197e7
h  1 0 0 0 0 0 0 0 0 2 1 1   8.878288825718613e7
f  0 1 0 0 0 0 0 0 0 1 2 0   8.790807279368766e6
h  0 1 0 0 0 0 0 0 0 2 1 1   -2.3246274129966076e7
f  2 0 0 0 0 0 0 0 0 1 2 0   -6.729933823406657e9
h  2 0 0 0 0 0 0 0 0 2 1 1   3.3056680838179977e10
f  0 2 0 0 0 0 0 0 0 1 2 0   -1.0617497402071793e10
h  0 2 0 0 0 0 0 0 0 2 1 1   -1.0762609870069525e10
f  3 0 0 0 0 0 0 0 0 1 2 0   -6.095080513007907e8
h  3 0 0 0 0 0 0 0 0 2 1 1   -2.321258934211504e7
h  1 0 0 0 0 0 0 0 0 4 1 1   -3.646350518403033e7
f  0 3 0 0 0 0 0 0 0 1 2 0   -4.366009869526776e7
h  0 3 0 0 0 0 0 0 0 2 1 1   9.386881115779656e7
h  0 1 0 0 0 0 0 0 0 4 1 1   -1.0434380712721765e7
f  4 0 0 0 0 0 0 0 0 1 2 0   -2.6552185436947565e6
h  4 0 0 0 0 0 0 0 0 2 1 1   -13914.96713035978
h  2 0 0 0 0 0 0 0 0 4 1 1   7.65893670354955e8
f  1 0 0 0 0 0 0 0 0 4 2 0   -1.2332603005181728e6
f  1 0 0 0 0 0 0 0 0 2 4 0   -963775.113364631
h  0 4 0 0 0 0 0 0 0 2 1 1   -40386.5342621093
f  0 1 0 0 0 0 0 0 0 4 2 0   -593017.7064839351
f  0 1 0 0 0 0 0 0 0 2 4 0   698542.9192227516
Displaying energies at grid
983×6 DataFrame
 Row │ localModes                         E           weight    xi                                 fittedEnergies  obsMinusCalc
     │ Array…                             Float64     Float64   Array…                             Float64         Float64
─────┼───────────────────────────────────────────────────────────────────────────────────────────────────────────────────────────
   1 │ [1.42078, 0.960139, 1.08924, 1.0…     3.07703  1.0       [0.0056016, 0.00648689, -0.00767…         27.9171    -24.8401
   2 │ [1.42078, 0.960139, 1.06424, 1.0…   116.045    1.0       [0.0056016, 0.00648689, -0.05784…        146.326     -30.2813
   3 │ [1.42078, 0.960139, 1.11424, 1.0…    55.5666   1.0       [0.0056016, 0.00648689, 0.040118…         69.7832    -14.2166
   4 │ [1.42078, 0.960139, 1.13924, 1.0…   250.752    1.0       [0.0056016, 0.00648689, 0.085642…        250.196       0.556092
   5 │ [1.42078, 0.960139, 1.03924, 1.0…   420.382    1.0       [0.0056016, 0.00648689, -0.11050…        452.114     -31.7324
   6 │ [1.42078, 0.960139, 0.989243, 1.…  1725.49     1.0       [0.0056016, 0.00648689, -0.22384…       1761.6       -36.1115
   7 │ [1.42078, 0.960139, 1.18924, 1.0…   991.628    1.0       [0.0056016, 0.00648689, 0.170315…        959.436      32.1917
   8 │ [1.42078, 0.960139, 1.21424, 1.0…  1504.25     1.0       [0.0056016, 0.00648689, 0.209664…       1460.47       43.7869
   9 │ [1.42078, 0.960139, 0.964243, 1.…  2798.46     1.0       [0.0056016, 0.00648689, -0.28477…       2841.68      -43.2201
  10 │ [1.42078, 0.960139, 1.23924, 1.0…  2092.89     1.0       [0.0056016, 0.00648689, 0.247147…       2042.32       50.5705
  11 │ [1.42078, 0.960139, 0.939243, 1.…  4208.58     0.999998  [0.0056016, 0.00648689, -0.34873…       4255.73      -47.1526
  12 │ [1.42078, 0.960139, 1.28924, 1.0…  3451.58     0.999999  [0.0056016, 0.00648689, 0.316864…       3399.46       52.1224
  13 │ [1.42078, 0.960139, 0.889243, 1.…  8249.53     0.999697  [0.0056016, 0.00648689, -0.48638…       8256.83       -7.29601
  14 │ [1.42078, 0.960139, 1.38924, 1.0…  6639.65     0.999956  [0.0056016, 0.00648689, 0.437527…       6552.76       86.8936
  15 │ [1.42078, 0.960139, 1.08924, 1.0…    69.4154   1.0       [0.0056016, 0.00648689, -0.00767…         99.4342    -30.0187
  16 │ [1.42078, 0.960139, 1.08924, 1.1…   104.909    1.0       [0.0056016, 0.00648689, -0.00767…        121.941     -17.0324
  17 │ [1.42078, 0.960139, 1.08924, 1.1…   352.077    1.0       [0.0056016, 0.00648689, -0.00767…        359.521      -7.44439
  18 │ [1.42078, 0.960139, 1.08924, 1.0…   329.905    1.0       [0.0056016, 0.00648689, -0.00767…        362.473     -32.5676
  19 │ [1.42078, 0.960139, 1.08924, 0.9…  1555.88     1.0       [0.0056016, 0.00648689, -0.00767…       1591.89      -36.0098
  20 │ [1.42078, 0.960139, 1.08924, 1.1…  1204.48     1.0       [0.0056016, 0.00648689, -0.00767…       1191.46       13.0197
  21 │ [1.42078, 0.960139, 1.08924, 1.2…  1776.44     1.0       [0.0056016, 0.00648689, -0.00767…       1753.82       22.6202
  22 │ [1.42078, 0.960139, 1.08924, 0.9…  2593.65     1.0       [0.0056016, 0.00648689, -0.00767…       2634.52      -40.8648
  23 │ [1.42078, 0.960139, 1.08924, 1.2…  2426.65     1.0       [0.0056016, 0.00648689, -0.00767…       2395.15       31.4949
  24 │ [1.42078, 0.960139, 1.08924, 0.9…  3971.55     0.999998  [0.0056016, 0.00648689, -0.00767…       4017.37      -45.823
  25 │ [1.42078, 0.960139, 1.08924, 1.2…  3914.7      0.999998  [0.0056016, 0.00648689, -0.00767…       3868.78       45.9162
  26 │ [1.42078, 0.960139, 1.08924, 0.8…  7956.99     0.999787  [0.0056016, 0.00648689, -0.00767…       7964.0        -7.00722
  27 │ [1.42078, 0.960139, 1.08924, 1.3…  7382.25     0.999893  [0.0056016, 0.00648689, -0.00767…       7371.95       10.3005
  28 │ [1.42078, 0.960139, 1.08924, 1.0…     9.57787  1.0       [0.0056016, 0.00648689, -0.00767…         34.2371    -24.6592
  29 │ [1.42078, 0.960139, 1.08924, 1.0…     2.56127  1.0       [0.0056016, 0.00648689, -0.00767…         27.4929    -24.9316
  30 │ [1.42078, 0.960139, 1.08924, 1.0…    30.4455   1.0       [0.0056016, 0.00648689, -0.00767…         54.6697    -24.2242
  31 │ [1.42078, 0.960139, 1.08924, 1.0…    13.107    1.0       [0.0056016, 0.00648689, -0.00767…         38.013     -24.9059
  32 │ [1.42078, 0.960139, 1.08924, 1.0…    94.4926   1.0       [0.0056016, 0.00648689, -0.00767…        117.544     -23.0511
  33 │ [1.42078, 0.960139, 1.08924, 1.0…    61.2532   1.0       [0.0056016, 0.00648689, -0.00767…         85.6874    -24.4343
  34 │ [1.42078, 0.960139, 1.08924, 1.0…   194.498    1.0       [0.0056016, 0.00648689, -0.00767…        215.813     -21.3142
  35 │ [1.42078, 0.960139, 1.08924, 1.0…   148.238    1.0       [0.0056016, 0.00648689, -0.00767…        171.676     -23.4389
  36 │ [1.42078, 0.960139, 1.08924, 1.0…   329.741    1.0       [0.0056016, 0.00648689, -0.00767…        348.747     -19.0065
  37 │ [1.42078, 0.960139, 1.08924, 1.0…   274.789    1.0       [0.0056016, 0.00648689, -0.00767…        296.724     -21.935
  38 │ [1.42078, 0.960139, 1.08924, 1.0…  4427.06     0.999997  [0.0056016, 0.00648689, -0.00767…       4362.85       64.2121
  39 │ [1.42078, 0.960139, 1.08924, 1.0…  5153.47     0.999993  [0.0056016, 0.00648689, -0.00767…       5132.04       21.4295
  40 │ [1.42078, 0.960139, 1.08924, 1.0…  9223.51     0.999026  [0.0056016, 0.00648689, -0.00767…       8969.68      253.838
  41 │ [1.42078, 0.960139, 1.08924, 1.0…     0.0      1.0       [0.0056016, 0.00648689, -0.00767…         25.0005    -25.0005
  42 │ [1.42078, 0.960139, 1.08924, 1.0…    12.1786   1.0       [0.0056016, 0.00648689, -0.00767…         36.7702    -24.5915
  43 │ [1.42078, 0.960139, 1.08924, 1.0…     6.67422  1.0       [0.0056016, 0.00648689, -0.00767…         31.7521    -25.0779
  44 │ [1.42078, 0.960139, 1.08924, 1.0…    37.1351   1.0       [0.0056016, 0.00648689, -0.00767…         61.1899    -24.0548
  45 │ [1.42078, 0.960139, 1.08924, 1.0…    47.885    1.0       [0.0056016, 0.00648689, -0.00767…         72.6831    -24.7981
  46 │ [1.42078, 0.960139, 1.08924, 1.0…   108.892    1.0       [0.0056016, 0.00648689, -0.00767…        131.654     -22.7619
  47 │ [1.42078, 0.960139, 1.08924, 1.0…   126.67     1.0       [0.0056016, 0.00648689, -0.00767…        150.769     -24.0994
  48 │ [1.42078, 0.960139, 1.08924, 1.0…   218.397    1.0       [0.0056016, 0.00648689, -0.00767…        239.459     -21.062
  49 │ [1.42078, 0.960139, 1.08924, 1.0…   242.991    1.0       [0.0056016, 0.00648689, -0.00767…        266.129     -23.1379
  50 │ [1.42078, 0.960139, 1.08924, 1.0…   365.7      1.0       [0.0056016, 0.00648689, -0.00767…        384.804     -19.1045
  51 │ [1.42078, 0.960139, 1.08924, 1.0…  4552.2      0.999996  [0.0056016, 0.00648689, -0.00767…       4536.86       15.3366
  52 │ [1.42078, 0.960139, 1.08924, 1.0…  5100.56     0.999993  [0.0056016, 0.00648689, -0.00767…       5027.51       73.0574
  53 │ [1.42078, 0.960139, 1.06424, 1.0…   125.076    1.0       [0.0056016, 0.00648689, -0.05784…        152.646     -27.5699
  54 │ [1.42078, 0.960139, 1.06424, 1.0…   113.025    1.0       [0.0056016, 0.00648689, -0.05784…        145.902     -32.877
  55 │ [1.42078, 0.960139, 1.06424, 1.0…   149.798    1.0       [0.0056016, 0.00648689, -0.05784…        173.079     -23.2809
  56 │ [1.42078, 0.960139, 1.06424, 1.0…   119.868    1.0       [0.0056016, 0.00648689, -0.05784…        156.422     -36.5539
  57 │ [1.42078, 0.960139, 1.06424, 1.0…   220.418    1.0       [0.0056016, 0.00648689, -0.05784…        235.953     -15.5345
  58 │ [1.42078, 0.960139, 1.06424, 1.0…   161.981    1.0       [0.0056016, 0.00648689, -0.05784…        204.097     -42.1156
  59 │ [1.42078, 0.960139, 1.06424, 1.0…   327.197    1.0       [0.0056016, 0.00648689, -0.05784…        334.222      -7.02464
  60 │ [1.42078, 0.960139, 1.06424, 1.0…   243.097    1.0       [0.0056016, 0.00648689, -0.05784…        290.086     -46.989
  61 │ [1.42078, 0.960139, 1.06424, 1.0…   469.419    1.0       [0.0056016, 0.00648689, -0.05784…        467.157       2.26232
  62 │ [1.42078, 0.960139, 1.06424, 1.0…   363.933    1.0       [0.0056016, 0.00648689, -0.05784…        415.133     -51.2003
  63 │ [1.42078, 0.960139, 1.06424, 1.0…  4669.83     0.999996  [0.0056016, 0.00648689, -0.05784…       4481.26      188.577
  64 │ [1.42078, 0.960139, 1.06424, 1.0…  5183.29     0.999992  [0.0056016, 0.00648689, -0.05784…       5250.45      -67.1597
  65 │ [1.42078, 0.960139, 1.06424, 1.0…  9559.78     0.998542  [0.0056016, 0.00648689, -0.05784…       9088.08      471.692
  66 │ [1.42078, 0.960139, 1.11424, 1.0…    59.4623   1.0       [0.0056016, 0.00648689, 0.040118…         76.1032    -16.6409
  67 │ [1.42078, 0.960139, 1.11424, 1.0…    57.6231   1.0       [0.0056016, 0.00648689, 0.040118…         69.359     -11.7359
  68 │ [1.42078, 0.960139, 1.11424, 1.0…    76.3706   1.0       [0.0056016, 0.00648689, 0.040118…         96.5358    -20.1652
  69 │ [1.42078, 0.960139, 1.11424, 1.0…    71.9745   1.0       [0.0056016, 0.00648689, 0.040118…         79.8791     -7.90456
  70 │ [1.42078, 0.960139, 1.11424, 1.0…   133.656    1.0       [0.0056016, 0.00648689, 0.040118…        159.41      -25.7541
  71 │ [1.42078, 0.960139, 1.11424, 1.0…   126.321    1.0       [0.0056016, 0.00648689, 0.040118…        127.554      -1.23272
  72 │ [1.42078, 0.960139, 1.11424, 1.0…   226.7      1.0       [0.0056016, 0.00648689, 0.040118…        257.679     -30.9789
  73 │ [1.42078, 0.960139, 1.11424, 1.0…   219.334    1.0       [0.0056016, 0.00648689, 0.040118…        213.543       5.79161
  74 │ [1.42078, 0.960139, 1.11424, 1.0…   354.765    1.0       [0.0056016, 0.00648689, 0.040118…        390.613     -35.8481
  75 │ [1.42078, 0.960139, 1.11424, 1.0…   351.754    1.0       [0.0056016, 0.00648689, 0.040118…        338.59       13.1642
  76 │ [1.42078, 0.960139, 1.11424, 1.0…  4346.02     0.999997  [0.0056016, 0.00648689, 0.040118…       4404.71      -58.6928
  77 │ [1.42078, 0.960139, 1.11424, 1.0…  5291.23     0.999991  [0.0056016, 0.00648689, 0.040118…       5173.9       117.33
  78 │ [1.42078, 0.960139, 1.11424, 1.0…  9046.38     0.999212  [0.0056016, 0.00648689, 0.040118…       9011.54       34.8384
  79 │ [1.42078, 0.960139, 1.13924, 1.0…   251.983    1.0       [0.0056016, 0.00648689, 0.085642…        256.516      -4.53263
  80 │ [1.42078, 0.960139, 1.13924, 1.0…   255.444    1.0       [0.0056016, 0.00648689, 0.085642…        249.772       5.67272
  81 │ [1.42078, 0.960139, 1.13924, 1.0…   264.831    1.0       [0.0056016, 0.00648689, 0.085642…        276.948     -12.1172
  82 │ [1.42078, 0.960139, 1.13924, 1.0…   273.691    1.0       [0.0056016, 0.00648689, 0.085642…        260.292      13.3997
  83 │ [1.42078, 0.960139, 1.13924, 1.0…   315.194    1.0       [0.0056016, 0.00648689, 0.085642…        339.822     -24.6283
  84 │ [1.42078, 0.960139, 1.13924, 1.0…   334.385    1.0       [0.0056016, 0.00648689, 0.085642…        307.966      26.4188
  85 │ [1.42078, 0.960139, 1.13924, 1.0…   401.101    1.0       [0.0056016, 0.00648689, 0.085642…        438.091     -36.9905
  86 │ [1.42078, 0.960139, 1.13924, 1.0…   433.574    1.0       [0.0056016, 0.00648689, 0.085642…        393.955      39.6191
  87 │ [1.42078, 0.960139, 1.13924, 1.0…   521.812    1.0       [0.0056016, 0.00648689, 0.085642…        571.026     -49.2142
  88 │ [1.42078, 0.960139, 1.13924, 1.0…   571.999    1.0       [0.0056016, 0.00648689, 0.085642…        519.003      52.9966
  89 │ [1.42078, 0.960139, 1.13924, 1.0…  4404.34     0.999997  [0.0056016, 0.00648689, 0.085642…       4585.13     -180.787
  90 │ [1.42078, 0.960139, 1.13924, 1.0…  5573.58     0.999988  [0.0056016, 0.00648689, 0.085642…       5354.32      219.26
  91 │ [1.42078, 0.960139, 1.13924, 1.0…  9006.25     0.999249  [0.0056016, 0.00648689, 0.085642…       9191.95     -185.707
  92 │ [1.42078, 0.960139, 1.03924, 1.0…   431.867    1.0       [0.0056016, 0.00648689, -0.11050…        458.434     -26.5672
  93 │ [1.42078, 0.960139, 1.03924, 1.0…   414.937    1.0       [0.0056016, 0.00648689, -0.11050…        451.69      -36.7533
  94 │ [1.42078, 0.960139, 1.03924, 1.0…   460.324    1.0       [0.0056016, 0.00648689, -0.11050…        478.867     -18.5427
  95 │ [1.42078, 0.960139, 1.03924, 1.0…   418.191    1.0       [0.0056016, 0.00648689, -0.11050…        462.21      -44.0186
  96 │ [1.42078, 0.960139, 1.03924, 1.0…   537.316    1.0       [0.0056016, 0.00648689, -0.11050…        541.741      -4.42502
  97 │ [1.42078, 0.960139, 1.03924, 1.0…   454.457    1.0       [0.0056016, 0.00648689, -0.11050…        509.884     -55.4271
  98 │ [1.42078, 0.960139, 1.03924, 1.0…   650.654    1.0       [0.0056016, 0.00648689, -0.11050…        640.01       10.645
  99 │ [1.42078, 0.960139, 1.03924, 1.0…   529.882    1.0       [0.0056016, 0.00648689, -0.11050…        595.873     -65.9914
 100 │ [1.42078, 0.960139, 1.03924, 1.0…   799.636    1.0       [0.0056016, 0.00648689, -0.11050…        772.944      26.6918
 101 │ [1.42078, 0.960139, 1.03924, 1.0…   645.174    1.0       [0.0056016, 0.00648689, -0.11050…        720.921     -75.7466
 102 │ [1.42078, 0.960139, 1.03924, 1.0…  5099.89     0.999993  [0.0056016, 0.00648689, -0.11050…       4787.04      312.841
 103 │ [1.42078, 0.960139, 1.03924, 1.0…  5406.86     0.99999   [0.0056016, 0.00648689, -0.11050…       5556.23     -149.373
 104 │ [1.42078, 0.960139, 0.989243, 1.…  1741.62     1.0       [0.0056016, 0.00648689, -0.22384…       1767.92      -26.3023
 105 │ [1.42078, 0.960139, 0.989243, 1.…  1715.45     1.0       [0.0056016, 0.00648689, -0.22384…       1761.17      -45.7216
 106 │ [1.42078, 0.960139, 0.989243, 1.…  1777.14     1.0       [0.0056016, 0.00648689, -0.22384…       1788.35      -11.2151
 107 │ [1.42078, 0.960139, 0.989243, 1.…  1711.92     1.0       [0.0056016, 0.00648689, -0.22384…       1771.69      -59.7775
 108 │ [1.42078, 0.960139, 0.989243, 1.…  1866.18     1.0       [0.0056016, 0.00648689, -0.22384…       1851.23       14.9496
 109 │ [1.42078, 0.960139, 0.989243, 1.…  1737.11     1.0       [0.0056016, 0.00648689, -0.22384…       1819.37      -82.2585
 110 │ [1.42078, 0.960139, 0.989243, 1.…  1991.92     1.0       [0.0056016, 0.00648689, -0.22384…       1949.49       42.4265
 111 │ [1.42078, 0.960139, 0.989243, 1.…  1801.76     1.0       [0.0056016, 0.00648689, -0.22384…       1905.36     -103.599
 112 │ [1.42078, 0.960139, 0.989243, 1.…  2153.68     1.0       [0.0056016, 0.00648689, -0.22384…       2082.43       71.2533
 113 │ [1.42078, 0.960139, 0.989243, 1.…  1906.55     1.0       [0.0056016, 0.00648689, -0.22384…       2030.41     -123.852
 114 │ [1.42078, 0.960139, 0.989243, 1.…  6642.65     0.999956  [0.0056016, 0.00648689, -0.22384…       6096.53      546.116
 115 │ [1.42078, 0.960139, 0.989243, 1.…  6558.61     0.99996   [0.0056016, 0.00648689, -0.22384…       6865.72     -307.106
 116 │ [1.42078, 0.960139, 1.18924, 1.0…   987.368    1.0       [0.0056016, 0.00648689, 0.170315…        965.756      21.6117
 117 │ [1.42078, 0.960139, 1.18924, 1.0…  1001.75     1.0       [0.0056016, 0.00648689, 0.170315…        959.012      42.736
 118 │ [1.42078, 0.960139, 1.18924, 1.0…   991.859    1.0       [0.0056016, 0.00648689, 0.170315…        986.189       5.66961
 119 │ [1.42078, 0.960139, 1.18924, 1.0…  1028.02     1.0       [0.0056016, 0.00648689, 0.170315…        969.532      58.487
 120 │ [1.42078, 0.960139, 1.18924, 1.0…  1027.95     1.0       [0.0056016, 0.00648689, 0.170315…       1049.06      -21.1118
 121 │ [1.42078, 0.960139, 1.18924, 1.0…  1101.78     1.0       [0.0056016, 0.00648689, 0.170315…       1017.21       84.5757
 122 │ [1.42078, 0.960139, 1.18924, 1.0…  1099.15     1.0       [0.0056016, 0.00648689, 0.170315…       1147.33      -48.1787
 123 │ [1.42078, 0.960139, 1.18924, 1.0…  1213.67     1.0       [0.0056016, 0.00648689, 0.170315…       1103.2       110.479
 124 │ [1.42078, 0.960139, 1.18924, 1.0…  1204.71     1.0       [0.0056016, 0.00648689, 0.170315…       1280.27      -75.5616
 125 │ [1.42078, 0.960139, 1.18924, 1.0…  1364.46     1.0       [0.0056016, 0.00648689, 0.170315…       1228.24      136.218
 126 │ [1.42078, 0.960139, 1.18924, 1.0…  4862.97     0.999995  [0.0056016, 0.00648689, 0.170315…       5294.37     -431.398
 127 │ [1.42078, 0.960139, 1.18924, 1.0…  6493.4      0.999963  [0.0056016, 0.00648689, 0.170315…       6063.56      429.849
 128 │ [1.42078, 0.960139, 1.18924, 1.0…  9261.91     0.99898   [0.0056016, 0.00648689, 0.170315…       9901.19     -639.28
 129 │ [1.42078, 0.960139, 1.21424, 1.0…  1497.18     1.0       [0.0056016, 0.00648689, 0.209664…       1466.79       30.3955
 130 │ [1.42078, 0.960139, 1.21424, 1.0…  1517.15     1.0       [0.0056016, 0.00648689, 0.209664…       1460.04       57.1075
 131 │ [1.42078, 0.960139, 1.21424, 1.0…  1497.4      1.0       [0.0056016, 0.00648689, 0.209664…       1487.22       10.1758
 132 │ [1.42078, 0.960139, 1.21424, 1.0…  1547.53     1.0       [0.0056016, 0.00648689, 0.209664…       1470.56       76.9627
 133 │ [1.42078, 0.960139, 1.21424, 1.0…  1526.18     1.0       [0.0056016, 0.00648689, 0.209664…       1550.09      -23.9097
 134 │ [1.42078, 0.960139, 1.21424, 1.0…  1627.98     1.0       [0.0056016, 0.00648689, 0.209664…       1518.24      109.737
 135 │ [1.42078, 0.960139, 1.21424, 1.0…  1589.86     1.0       [0.0056016, 0.00648689, 0.209664…       1648.36      -58.5068
 136 │ [1.42078, 0.960139, 1.21424, 1.0…  1746.36     1.0       [0.0056016, 0.00648689, 0.209664…       1604.23      142.137
 137 │ [1.42078, 0.960139, 1.21424, 1.0…  1687.65     1.0       [0.0056016, 0.00648689, 0.209664…       1781.3       -93.6525
 138 │ [1.42078, 0.960139, 1.21424, 1.0…  1903.47     1.0       [0.0056016, 0.00648689, 0.209664…       1729.27      174.191
 139 │ [1.42078, 0.960139, 1.21424, 1.0…  5230.98     0.999992  [0.0056016, 0.00648689, 0.209664…       5795.4      -564.421
 140 │ [1.42078, 0.960139, 1.21424, 1.0…  7097.33     0.999924  [0.0056016, 0.00648689, 0.209664…       6564.59      532.741
 141 │ [1.42078, 0.960139, 1.21424, 1.0…  9525.93     0.9986    [0.0056016, 0.00648689, 0.209664…      10402.2      -876.299
 142 │ [1.42078, 0.960139, 0.964243, 1.…  2816.76     1.0       [0.0056016, 0.00648689, -0.28477…       2848.0       -31.2381
 143 │ [1.42078, 0.960139, 0.964243, 1.…  2786.27     1.0       [0.0056016, 0.00648689, -0.28477…       2841.25      -54.9811
 144 │ [1.42078, 0.960139, 0.964243, 1.…  2855.59     1.0       [0.0056016, 0.00648689, -0.28477…       2868.43      -12.8434
 145 │ [1.42078, 0.960139, 0.964243, 1.…  2779.56     1.0       [0.0056016, 0.00648689, -0.28477…       2851.77      -72.2149
 146 │ [1.42078, 0.960139, 0.964243, 1.…  2950.27     0.999999  [0.0056016, 0.00648689, -0.28477…       2931.3        18.9618
 147 │ [1.42078, 0.960139, 0.964243, 1.…  2799.57     1.0       [0.0056016, 0.00648689, -0.28477…       2899.45      -99.8821
 148 │ [1.42078, 0.960139, 0.964243, 1.…  3081.81     0.999999  [0.0056016, 0.00648689, -0.28477…       3029.57       52.2416
 149 │ [1.42078, 0.960139, 0.964243, 1.…  2859.16     1.0       [0.0056016, 0.00648689, -0.28477…       2985.44     -126.275
 150 │ [1.42078, 0.960139, 0.964243, 1.…  3249.56     0.999999  [0.0056016, 0.00648689, -0.28477…       3162.51       87.049
 151 │ [1.42078, 0.960139, 0.964243, 1.…  2959.04     0.999999  [0.0056016, 0.00648689, -0.28477…       3110.48     -151.448
 152 │ [1.42078, 0.960139, 0.964243, 1.…  7826.82     0.999818  [0.0056016, 0.00648689, -0.28477…       7176.61      650.213
 153 │ [1.42078, 0.960139, 0.964243, 1.…  7559.51     0.999868  [0.0056016, 0.00648689, -0.28477…       7945.8      -386.292
 154 │ [1.42078, 0.960139, 1.23924, 1.0…  2082.97     1.0       [0.0056016, 0.00648689, 0.247147…       2048.64       34.3369
 155 │ [1.42078, 0.960139, 1.23924, 1.0…  2108.59     1.0       [0.0056016, 0.00648689, 0.247147…       2041.89       66.7004
 156 │ [1.42078, 0.960139, 1.23924, 1.0…  2078.85     1.0       [0.0056016, 0.00648689, 0.247147…       2069.07        9.78693
 157 │ [1.42078, 0.960139, 1.23924, 1.0…  2143.12     1.0       [0.0056016, 0.00648689, 0.247147…       2052.41       90.708
 158 │ [1.42078, 0.960139, 1.23924, 1.0…  2100.25     1.0       [0.0056016, 0.00648689, 0.247147…       2131.94      -31.6883
 159 │ [1.42078, 0.960139, 1.23924, 1.0…  2230.33     1.0       [0.0056016, 0.00648689, 0.247147…       2100.09      130.242
 160 │ [1.42078, 0.960139, 1.23924, 1.0…  2156.31     1.0       [0.0056016, 0.00648689, 0.247147…       2230.21      -73.9034
 161 │ [1.42078, 0.960139, 1.23924, 1.0…  2355.29     1.0       [0.0056016, 0.00648689, 0.247147…       2186.07      169.213
 162 │ [1.42078, 0.960139, 1.23924, 1.0…  2246.24     1.0       [0.0056016, 0.00648689, 0.247147…       2363.15     -116.908
 163 │ [1.42078, 0.960139, 1.23924, 1.0…  2518.77     1.0       [0.0056016, 0.00648689, 0.247147…       2311.12      207.652
 164 │ [1.42078, 0.960139, 1.23924, 1.0…  5673.17     0.999986  [0.0056016, 0.00648689, 0.247147…       6377.25     -704.075
 165 │ [1.42078, 0.960139, 1.23924, 1.0…  7778.15     0.999828  [0.0056016, 0.00648689, 0.247147…       7146.44      631.711
 166 │ [1.42078, 0.960139, 1.23924, 1.0…  9862.79     0.997904  [0.0056016, 0.00648689, 0.247147…      10984.1     -1121.29
 167 │ [1.42078, 0.960139, 0.939243, 1.…  4228.95     0.999998  [0.0056016, 0.00648689, -0.34873…       4262.05      -33.1053
 168 │ [1.42078, 0.960139, 0.939243, 1.…  4194.36     0.999998  [0.0056016, 0.00648689, -0.34873…       4255.31      -60.9547
 169 │ [1.42078, 0.960139, 0.939243, 1.…  4270.92     0.999997  [0.0056016, 0.00648689, -0.34873…       4282.49      -11.57
 170 │ [1.42078, 0.960139, 0.939243, 1.…  4184.62     0.999998  [0.0056016, 0.00648689, -0.34873…       4265.83      -81.2129
 171 │ [1.42078, 0.960139, 0.939243, 1.…  4370.95     0.999997  [0.0056016, 0.00648689, -0.34873…       4345.36       25.5926
 172 │ [1.42078, 0.960139, 0.939243, 1.…  4199.7      0.999998  [0.0056016, 0.00648689, -0.34873…       4313.5      -113.809
 173 │ [1.42078, 0.960139, 0.939243, 1.…  4508.02     0.999997  [0.0056016, 0.00648689, -0.34873…       4443.63       64.3878
 174 │ [1.42078, 0.960139, 0.939243, 1.…  4254.49     0.999997  [0.0056016, 0.00648689, -0.34873…       4399.49     -145.002
 175 │ [1.42078, 0.960139, 0.939243, 1.…  4681.44     0.999996  [0.0056016, 0.00648689, -0.34873…       4576.56      104.873
 176 │ [1.42078, 0.960139, 0.939243, 1.…  4349.68     0.999997  [0.0056016, 0.00648689, -0.34873…       4524.54     -174.857
 177 │ [1.42078, 0.960139, 0.939243, 1.…  9342.58     0.998876  [0.0056016, 0.00648689, -0.34873…       8590.67      751.918
 178 │ [1.42078, 0.960139, 0.939243, 1.…  8900.96     0.999338  [0.0056016, 0.00648689, -0.34873…       9359.85     -458.889
 179 │ [1.42078, 0.960139, 1.28924, 1.0…  3435.91     0.999999  [0.0056016, 0.00648689, 0.316864…       3405.78       30.1341
 180 │ [1.42078, 0.960139, 1.28924, 1.0…  3472.97     0.999999  [0.0056016, 0.00648689, 0.316864…       3399.03       73.9366
 181 │ [1.42078, 0.960139, 1.28924, 1.0…  3423.03     0.999999  [0.0056016, 0.00648689, 0.316864…       3426.21       -3.17946
 182 │ [1.42078, 0.960139, 1.28924, 1.0…  3515.9      0.999999  [0.0056016, 0.00648689, 0.316864…       3409.55      106.348
 183 │ [1.42078, 0.960139, 1.28924, 1.0…  3429.47     0.999999  [0.0056016, 0.00648689, 0.316864…       3489.09      -59.6184
 184 │ [1.42078, 0.960139, 1.28924, 1.0…  3616.79     0.999999  [0.0056016, 0.00648689, 0.316864…       3457.23      159.559
 185 │ [1.42078, 0.960139, 1.28924, 1.0…  3470.09     0.999999  [0.0056016, 0.00648689, 0.316864…       3587.35     -117.265
 186 │ [1.42078, 0.960139, 1.28924, 1.0…  3755.04     0.999999  [0.0056016, 0.00648689, 0.316864…       3543.22      211.817
 187 │ [1.42078, 0.960139, 1.28924, 1.0…  3544.1      0.999999  [0.0056016, 0.00648689, 0.316864…       3720.29     -176.186
 188 │ [1.42078, 0.960139, 1.28924, 1.0…  3931.44     0.999998  [0.0056016, 0.00648689, 0.316864…       3668.27      263.171
 189 │ [1.42078, 0.960139, 1.28924, 1.0…  6735.04     0.999951  [0.0056016, 0.00648689, 0.316864…       7734.39     -999.345
 190 │ [1.42078, 0.960139, 1.28924, 1.0…  9322.92     0.998902  [0.0056016, 0.00648689, 0.316864…       8503.58      819.338
 191 │ [1.42078, 0.960139, 0.889243, 1.…  8273.68     0.999688  [0.0056016, 0.00648689, -0.48638…       8263.15       10.5284
 192 │ [1.42078, 0.960139, 0.889243, 1.…  8231.57     0.999703  [0.0056016, 0.00648689, -0.48638…       8256.41      -24.8335
 193 │ [1.42078, 0.960139, 0.889243, 1.…  8321.39     0.99967   [0.0056016, 0.00648689, -0.48638…       8283.58       37.8052
 194 │ [1.42078, 0.960139, 0.889243, 1.…  8216.31     0.999709  [0.0056016, 0.00648689, -0.48638…       8266.93      -50.6159
 195 │ [1.42078, 0.960139, 0.889243, 1.…  8431.21     0.999623  [0.0056016, 0.00648689, -0.48638…       8346.46       84.7563
 196 │ [1.42078, 0.960139, 0.889243, 1.…  8222.37     0.999707  [0.0056016, 0.00648689, -0.48638…       8314.6       -92.2285
 197 │ [1.42078, 0.960139, 0.889243, 1.…  8578.35     0.999551  [0.0056016, 0.00648689, -0.48638…       8444.72      133.628
 198 │ [1.42078, 0.960139, 0.889243, 1.…  8268.38     0.99969   [0.0056016, 0.00648689, -0.48638…       8400.59     -132.209
 199 │ [1.42078, 0.960139, 0.889243, 1.…  8762.15     0.99944   [0.0056016, 0.00648689, -0.48638…       8577.66      184.487
 200 │ [1.42078, 0.960139, 0.889243, 1.…  8355.0      0.999656  [0.0056016, 0.00648689, -0.48638…       8525.64     -170.632
 201 │ [1.42078, 0.960139, 1.38924, 1.0…  6612.4      0.999958  [0.0056016, 0.00648689, 0.437527…       6559.08       53.3259
 202 │ [1.42078, 0.960139, 1.38924, 1.0…  6672.48     0.999954  [0.0056016, 0.00648689, 0.437527…       6552.33      120.149
 203 │ [1.42078, 0.960139, 1.38924, 1.0…  6581.89     0.999959  [0.0056016, 0.00648689, 0.437527…       6579.51        2.37535
 204 │ [1.42078, 0.960139, 1.38924, 1.0…  6732.31     0.999951  [0.0056016, 0.00648689, 0.437527…       6562.85      169.46
 205 │ [1.42078, 0.960139, 1.38924, 1.0…  6558.19     0.99996   [0.0056016, 0.00648689, 0.437527…       6642.38      -84.1975
 206 │ [1.42078, 0.960139, 1.38924, 1.0…  6860.7      0.999943  [0.0056016, 0.00648689, 0.437527…       6610.53      250.174
 207 │ [1.42078, 0.960139, 1.38924, 1.0…  6567.72     0.99996   [0.0056016, 0.00648689, 0.437527…       6740.65     -172.93
 208 │ [1.42078, 0.960139, 1.38924, 1.0…  7025.65     0.99993   [0.0056016, 0.00648689, 0.437527…       6696.52      329.131
 209 │ [1.42078, 0.960139, 1.38924, 1.0…  6609.66     0.999958  [0.0056016, 0.00648689, 0.437527…       6873.59     -263.928
 210 │ [1.42078, 0.960139, 1.38924, 1.0…  7227.98     0.999911  [0.0056016, 0.00648689, 0.437527…       6821.56      406.415
 211 │ [1.42078, 0.960139, 1.38924, 1.0…  9324.05     0.998901  [0.0056016, 0.00648689, 0.437527…      10887.7     -1563.64
 212 │ [1.42078, 0.960139, 1.48924, 1.0…  9969.24     0.997619  [0.0056016, 0.00648689, 0.536878…       9848.37      120.87
 213 │ [1.42078, 0.960139, 1.48924, 1.0…  9948.37     0.997678  [0.0056016, 0.00648689, 0.536878…       9946.64        1.73118
 214 │ [1.42078, 0.960139, 1.48924, 1.0…  9958.91     0.997648  [0.0056016, 0.00648689, 0.536878…      10079.6      -120.662
 215 │ [1.42078, 0.960139, 1.06424, 1.0…   112.972    1.0       [0.0056016, 0.00648689, -0.05784…        143.41      -30.4373
 216 │ [1.42078, 0.960139, 1.06424, 1.0…   125.204    1.0       [0.0056016, 0.00648689, -0.05784…        155.179     -29.9757
 217 │ [1.42078, 0.960139, 1.06424, 1.0…   119.776    1.0       [0.0056016, 0.00648689, -0.05784…        150.161     -30.3852
 218 │ [1.42078, 0.960139, 1.06424, 1.0…   150.362    1.0       [0.0056016, 0.00648689, -0.05784…        179.599     -29.237
 219 │ [1.42078, 0.960139, 1.06424, 1.0…   161.52     1.0       [0.0056016, 0.00648689, -0.05784…        191.092     -29.5721
 220 │ [1.42078, 0.960139, 1.06424, 1.0…   222.778    1.0       [0.0056016, 0.00648689, -0.05784…        250.063     -27.2858
 221 │ [1.42078, 0.960139, 1.06424, 1.0…   241.231    1.0       [0.0056016, 0.00648689, -0.05784…        269.178     -27.9472
 222 │ [1.42078, 0.960139, 1.06424, 1.0…   333.331    1.0       [0.0056016, 0.00648689, -0.05784…        357.868     -24.5367
 223 │ [1.42078, 0.960139, 1.06424, 1.0…   358.876    1.0       [0.0056016, 0.00648689, -0.05784…        384.539     -25.6624
 224 │ [1.42078, 0.960139, 1.06424, 1.0…   482.072    1.0       [0.0056016, 0.00648689, -0.05784…        503.213     -21.1417
 225 │ [1.42078, 0.960139, 1.06424, 1.0…  4712.69     0.999996  [0.0056016, 0.00648689, -0.05784…       4655.27       57.4204
 226 │ [1.42078, 0.960139, 1.06424, 1.0…  5261.68     0.999992  [0.0056016, 0.00648689, -0.05784…       5145.92      115.769
 227 │ [1.42078, 0.960139, 1.11424, 1.0…    52.4961   1.0       [0.0056016, 0.00648689, 0.040118…         66.8666    -14.3704
 228 │ [1.42078, 0.960139, 1.11424, 1.0…    64.5958   1.0       [0.0056016, 0.00648689, 0.040118…         78.6363    -14.0405
 229 │ [1.42078, 0.960139, 1.11424, 1.0…    59.0584   1.0       [0.0056016, 0.00648689, 0.040118…         73.6182    -14.5598
 230 │ [1.42078, 0.960139, 1.11424, 1.0…    89.3152   1.0       [0.0056016, 0.00648689, 0.040118…        103.056     -13.7408
 231 │ [1.42078, 0.960139, 1.11424, 1.0…    99.7468   1.0       [0.0056016, 0.00648689, 0.040118…        114.549     -14.8023
 232 │ [1.42078, 0.960139, 1.11424, 1.0…   160.35     1.0       [0.0056016, 0.00648689, 0.040118…        173.52      -13.17
 233 │ [1.42078, 0.960139, 1.11424, 1.0…   177.594    1.0       [0.0056016, 0.00648689, 0.040118…        192.635     -15.0408
 234 │ [1.42078, 0.960139, 1.11424, 1.0…   268.723    1.0       [0.0056016, 0.00648689, 0.040118…        281.325     -12.6025
 235 │ [1.42078, 0.960139, 1.11424, 1.0…   292.568    1.0       [0.0056016, 0.00648689, 0.040118…        307.995     -15.4269
 236 │ [1.42078, 0.960139, 1.11424, 1.0…   414.487    1.0       [0.0056016, 0.00648689, 0.040118…        426.67      -12.1836
 237 │ [1.42078, 0.960139, 1.11424, 1.0…  4555.53     0.999996  [0.0056016, 0.00648689, 0.040118…       4578.73      -23.2
 238 │ [1.42078, 0.960139, 1.11424, 1.0…  5101.99     0.999993  [0.0056016, 0.00648689, 0.040118…       5069.37       32.6135
 239 │ [1.42078, 0.960139, 1.13924, 1.0…   247.703    1.0       [0.0056016, 0.00648689, 0.085642…        247.279       0.424231
 240 │ [1.42078, 0.960139, 1.13924, 1.0…   259.691    1.0       [0.0056016, 0.00648689, 0.085642…        259.049       0.642233
 241 │ [1.42078, 0.960139, 1.13924, 1.0…   254.167    1.0       [0.0056016, 0.00648689, 0.085642…        254.031       0.136139
 242 │ [1.42078, 0.960139, 1.13924, 1.0…   284.147    1.0       [0.0056016, 0.00648689, 0.085642…        283.469       0.67859
 243 │ [1.42078, 0.960139, 1.13924, 1.0…   294.344    1.0       [0.0056016, 0.00648689, 0.085642…        294.962      -0.617807
 244 │ [1.42078, 0.960139, 1.13924, 1.0…   354.394    1.0       [0.0056016, 0.00648689, 0.085642…        353.933       0.461453
 245 │ [1.42078, 0.960139, 1.13924, 1.0…   371.25     1.0       [0.0056016, 0.00648689, 0.085642…        373.048      -1.79779
 246 │ [1.42078, 0.960139, 1.13924, 1.0…   461.551    1.0       [0.0056016, 0.00648689, 0.085642…        461.738      -0.186977
 247 │ [1.42078, 0.960139, 1.13924, 1.0…   484.852    1.0       [0.0056016, 0.00648689, 0.085642…        488.408      -3.55565
 248 │ [1.42078, 0.960139, 1.13924, 1.0…   605.673    1.0       [0.0056016, 0.00648689, 0.085642…        607.083      -1.40973
 249 │ [1.42078, 0.960139, 1.13924, 1.0…  4699.9      0.999996  [0.0056016, 0.00648689, 0.085642…       4759.14      -59.2401
 250 │ [1.42078, 0.960139, 1.13924, 1.0…  5243.16     0.999992  [0.0056016, 0.00648689, 0.085642…       5249.79       -6.62872
 251 │ [1.42078, 0.960139, 1.03924, 1.0…   417.331    1.0       [0.0056016, 0.00648689, -0.11050…        449.197     -31.8664
 252 │ [1.42078, 0.960139, 1.03924, 1.0…   429.582    1.0       [0.0056016, 0.00648689, -0.11050…        460.967     -31.385
 253 │ [1.42078, 0.960139, 1.03924, 1.0…   424.277    1.0       [0.0056016, 0.00648689, -0.11050…        455.949     -31.6717
 254 │ [1.42078, 0.960139, 1.03924, 1.0…   454.916    1.0       [0.0056016, 0.00648689, -0.11050…        485.387     -30.4708
 255 │ [1.42078, 0.960139, 1.03924, 1.0…   466.564    1.0       [0.0056016, 0.00648689, -0.11050…        496.88      -30.3165
 256 │ [1.42078, 0.960139, 1.03924, 1.0…   527.922    1.0       [0.0056016, 0.00648689, -0.11050…        555.851     -27.9291
 257 │ [1.42078, 0.960139, 1.03924, 1.0…   547.199    1.0       [0.0056016, 0.00648689, -0.11050…        574.966     -27.7676
 258 │ [1.42078, 0.960139, 1.03924, 1.0…   639.444    1.0       [0.0056016, 0.00648689, -0.11050…        663.656     -24.2122
 259 │ [1.42078, 0.960139, 1.03924, 1.0…   666.143    1.0       [0.0056016, 0.00648689, -0.11050…        690.326     -24.1834
 260 │ [1.42078, 0.960139, 1.03924, 1.0…   789.523    1.0       [0.0056016, 0.00648689, -0.11050…        809.001     -19.4784
 261 │ [1.42078, 0.960139, 1.03924, 1.0…  5062.95     0.999993  [0.0056016, 0.00648689, -0.11050…       4961.06      101.894
 262 │ [1.42078, 0.960139, 1.03924, 1.0…  5611.32     0.999987  [0.0056016, 0.00648689, -0.11050…       5451.7       159.613
 263 │ [1.42078, 0.960139, 0.989243, 1.…  1722.52     1.0       [0.0056016, 0.00648689, -0.22384…       1758.68      -36.1644
 264 │ [1.42078, 0.960139, 0.989243, 1.…  1734.72     1.0       [0.0056016, 0.00648689, -0.22384…       1770.45      -35.7313
 265 │ [1.42078, 0.960139, 0.989243, 1.…  1729.8      1.0       [0.0056016, 0.00648689, -0.22384…       1765.43      -35.6382
 266 │ [1.42078, 0.960139, 0.989243, 1.…  1760.32     1.0       [0.0056016, 0.00648689, -0.22384…       1794.87      -34.5558
 267 │ [1.42078, 0.960139, 0.989243, 1.…  1773.2      1.0       [0.0056016, 0.00648689, -0.22384…       1806.37      -33.1659
 268 │ [1.42078, 0.960139, 0.989243, 1.…  1834.32     1.0       [0.0056016, 0.00648689, -0.22384…       1865.34      -31.0178
 269 │ [1.42078, 0.960139, 0.989243, 1.…  1855.66     1.0       [0.0056016, 0.00648689, -0.22384…       1884.45      -28.7953
 270 │ [1.42078, 0.960139, 0.989243, 1.…  1947.53     1.0       [0.0056016, 0.00648689, -0.22384…       1973.14      -25.6087
 271 │ [1.42078, 0.960139, 0.989243, 1.…  1977.12     1.0       [0.0056016, 0.00648689, -0.22384…       1999.81      -22.6894
 272 │ [1.42078, 0.960139, 0.989243, 1.…  2099.99     1.0       [0.0056016, 0.00648689, -0.22384…       2118.49      -18.4914
 273 │ [1.42078, 0.960139, 0.989243, 1.…  6455.23     0.999965  [0.0056016, 0.00648689, -0.22384…       6270.54      184.684
 274 │ [1.42078, 0.960139, 0.989243, 1.…  6998.71     0.999932  [0.0056016, 0.00648689, -0.22384…       6761.19      237.519
 275 │ [1.42078, 0.960139, 1.18924, 1.0…   988.663    1.0       [0.0056016, 0.00648689, 0.170315…        956.52       32.1433
 276 │ [1.42078, 0.960139, 1.18924, 1.0…  1000.34     1.0       [0.0056016, 0.00648689, 0.170315…        968.289      32.0474
 277 │ [1.42078, 0.960139, 1.18924, 1.0…   994.975    1.0       [0.0056016, 0.00648689, 0.170315…        963.271      31.7037
 278 │ [1.42078, 0.960139, 1.18924, 1.0…  1024.17     1.0       [0.0056016, 0.00648689, 0.170315…        992.709      31.4627
 279 │ [1.42078, 0.960139, 1.18924, 1.0…  1034.17     1.0       [0.0056016, 0.00648689, 0.170315…       1004.2        29.9643
 280 │ [1.42078, 0.960139, 1.18924, 1.0…  1092.65     1.0       [0.0056016, 0.00648689, 0.170315…       1063.17       29.4787
 281 │ [1.42078, 0.960139, 1.18924, 1.0…  1109.17     1.0       [0.0056016, 0.00648689, 0.170315…       1082.29       26.8815
 282 │ [1.42078, 0.960139, 1.18924, 1.0…  1197.13     1.0       [0.0056016, 0.00648689, 0.170315…       1170.98       26.1505
 283 │ [1.42078, 0.960139, 1.18924, 1.0…  1219.95     1.0       [0.0056016, 0.00648689, 0.170315…       1197.65       22.3034
 284 │ [1.42078, 0.960139, 1.18924, 1.0…  1337.67     1.0       [0.0056016, 0.00648689, 0.170315…       1316.32       21.3438
 285 │ [1.42078, 0.960139, 1.18924, 1.0…  5334.14     0.999991  [0.0056016, 0.00648689, 0.170315…       5468.38     -134.236
 286 │ [1.42078, 0.960139, 1.18924, 1.0…  5867.06     0.999983  [0.0056016, 0.00648689, 0.170315…       5959.03      -91.9665
 287 │ [1.42078, 0.960139, 1.21424, 1.0…  1501.35     1.0       [0.0056016, 0.00648689, 0.209664…       1457.55       43.7999
 288 │ [1.42078, 0.960139, 1.21424, 1.0…  1512.82     1.0       [0.0056016, 0.00648689, 0.209664…       1469.32       43.5022
 289 │ [1.42078, 0.960139, 1.21424, 1.0…  1507.61     1.0       [0.0056016, 0.00648689, 0.209664…       1464.3        43.3077
 290 │ [1.42078, 0.960139, 1.21424, 1.0…  1536.3      1.0       [0.0056016, 0.00648689, 0.209664…       1493.74       42.5619
 291 │ [1.42078, 0.960139, 1.21424, 1.0…  1546.33     1.0       [0.0056016, 0.00648689, 0.209664…       1505.23       41.0921
 292 │ [1.42078, 0.960139, 1.21424, 1.0…  1603.8      1.0       [0.0056016, 0.00648689, 0.209664…       1564.21       39.5969
 293 │ [1.42078, 0.960139, 1.21424, 1.0…  1620.37     1.0       [0.0056016, 0.00648689, 0.209664…       1583.32       37.0458
 294 │ [1.42078, 0.960139, 1.21424, 1.0…  1706.82     1.0       [0.0056016, 0.00648689, 0.209664…       1672.01       34.807
 295 │ [1.42078, 0.960139, 1.21424, 1.0…  1729.7      1.0       [0.0056016, 0.00648689, 0.209664…       1698.68       31.0235
 296 │ [1.42078, 0.960139, 1.21424, 1.0…  1845.41     1.0       [0.0056016, 0.00648689, 0.209664…       1817.36       28.0579
 297 │ [1.42078, 0.960139, 1.21424, 1.0…  5790.95     0.999984  [0.0056016, 0.00648689, 0.209664…       5969.41     -178.464
 298 │ [1.42078, 0.960139, 1.21424, 1.0…  6316.72     0.99997   [0.0056016, 0.00648689, 0.209664…       6460.06     -143.334
 299 │ [1.42078, 0.960139, 0.964243, 1.…  2795.55     1.0       [0.0056016, 0.00648689, -0.28477…       2838.76      -43.2137
 300 │ [1.42078, 0.960139, 0.964243, 1.…  2807.68     1.0       [0.0056016, 0.00648689, -0.28477…       2850.53      -42.8465
 301 │ [1.42078, 0.960139, 0.964243, 1.…  2803.01     1.0       [0.0056016, 0.00648689, -0.28477…       2845.51      -42.501
 302 │ [1.42078, 0.960139, 0.964243, 1.…  2833.37     1.0       [0.0056016, 0.00648689, -0.28477…       2874.95      -41.5832
 303 │ [1.42078, 0.960139, 0.964243, 1.…  2846.99     1.0       [0.0056016, 0.00648689, -0.28477…       2886.44      -39.4558
 304 │ [1.42078, 0.960139, 0.964243, 1.…  2907.78     1.0       [0.0056016, 0.00648689, -0.28477…       2945.41      -37.6391
 305 │ [1.42078, 0.960139, 0.964243, 1.…  2930.34     0.999999  [0.0056016, 0.00648689, -0.28477…       2964.53      -34.1855
 306 │ [1.42078, 0.960139, 0.964243, 1.…  3021.72     0.999999  [0.0056016, 0.00648689, -0.28477…       3053.22      -31.4992
 307 │ [1.42078, 0.960139, 0.964243, 1.…  3053.04     0.999999  [0.0056016, 0.00648689, -0.28477…       3079.89      -26.8505
 308 │ [1.42078, 0.960139, 0.964243, 1.…  3175.23     0.999999  [0.0056016, 0.00648689, -0.28477…       3198.56      -23.335
 309 │ [1.42078, 0.960139, 0.964243, 1.…  7569.53     0.999866  [0.0056016, 0.00648689, -0.28477…       7350.62      218.905
 310 │ [1.42078, 0.960139, 0.964243, 1.…  8108.83     0.999744  [0.0056016, 0.00648689, -0.28477…       7841.27      267.563
 311 │ [1.42078, 0.960139, 1.23924, 1.0…  2090.06     1.0       [0.0056016, 0.00648689, 0.247147…       2039.4        50.6581
 312 │ [1.42078, 0.960139, 1.23924, 1.0…  2101.3      1.0       [0.0056016, 0.00648689, 0.247147…       2051.17       50.1299
 313 │ [1.42078, 0.960139, 1.23924, 1.0…  2096.28     1.0       [0.0056016, 0.00648689, 0.247147…       2046.15       50.1286
 314 │ [1.42078, 0.960139, 1.23924, 1.0…  2124.39     1.0       [0.0056016, 0.00648689, 0.247147…       2075.59       48.8033
 315 │ [1.42078, 0.960139, 1.23924, 1.0…  2134.53     1.0       [0.0056016, 0.00648689, 0.247147…       2087.08       47.4499
 316 │ [1.42078, 0.960139, 1.23924, 1.0…  2190.85     1.0       [0.0056016, 0.00648689, 0.247147…       2146.05       44.7981
 317 │ [1.42078, 0.960139, 1.23924, 1.0…  2207.6      1.0       [0.0056016, 0.00648689, 0.247147…       2165.17       42.4357
 318 │ [1.42078, 0.960139, 1.23924, 1.0…  2292.32     1.0       [0.0056016, 0.00648689, 0.247147…       2253.86       38.4652
 319 │ [1.42078, 0.960139, 1.23924, 1.0…  2315.47     1.0       [0.0056016, 0.00648689, 0.247147…       2280.53       34.9473
 320 │ [1.42078, 0.960139, 1.23924, 1.0…  2428.88     1.0       [0.0056016, 0.00648689, 0.247147…       2399.2        29.675
 321 │ [1.42078, 0.960139, 1.23924, 1.0…  6322.1      0.99997   [0.0056016, 0.00648689, 0.247147…       6551.26     -229.157
 322 │ [1.42078, 0.960139, 1.23924, 1.0…  6839.44     0.999944  [0.0056016, 0.00648689, 0.247147…       7041.91     -202.47
 323 │ [1.42078, 0.960139, 0.939243, 1.…  4205.74     0.999998  [0.0056016, 0.00648689, -0.34873…       4252.82      -47.0759
 324 │ [1.42078, 0.960139, 0.939243, 1.…  4217.79     0.999998  [0.0056016, 0.00648689, -0.34873…       4264.59      -46.8009
 325 │ [1.42078, 0.960139, 0.939243, 1.…  4213.41     0.999998  [0.0056016, 0.00648689, -0.34873…       4259.57      -46.1613
 326 │ [1.42078, 0.960139, 0.939243, 1.…  4243.53     0.999998  [0.0056016, 0.00648689, -0.34873…       4289.01      -45.4762
 327 │ [1.42078, 0.960139, 0.939243, 1.…  4257.97     0.999997  [0.0056016, 0.00648689, -0.34873…       4300.5       -42.5346
 328 │ [1.42078, 0.960139, 0.939243, 1.…  4318.29     0.999997  [0.0056016, 0.00648689, -0.34873…       4359.47      -41.1853
 329 │ [1.42078, 0.960139, 0.939243, 1.…  4342.22     0.999997  [0.0056016, 0.00648689, -0.34873…       4378.59      -36.3709
 330 │ [1.42078, 0.960139, 0.939243, 1.…  4432.88     0.999997  [0.0056016, 0.00648689, -0.34873…       4467.28      -34.3936
 331 │ [1.42078, 0.960139, 0.939243, 1.…  4466.11     0.999997  [0.0056016, 0.00648689, -0.34873…       4493.95      -27.8354
 332 │ [1.42078, 0.960139, 0.939243, 1.…  4587.35     0.999996  [0.0056016, 0.00648689, -0.34873…       4612.62      -25.2703
 333 │ [1.42078, 0.960139, 0.939243, 1.…  9019.53     0.999237  [0.0056016, 0.00648689, -0.34873…       8764.68      254.851
 334 │ [1.42078, 0.960139, 0.939243, 1.…  9553.57     0.998553  [0.0056016, 0.00648689, -0.34873…       9255.32      298.244
 335 │ [1.42078, 0.960139, 1.28924, 1.0…  3448.94     0.999999  [0.0056016, 0.00648689, 0.316864…       3396.54       52.4009
 336 │ [1.42078, 0.960139, 1.28924, 1.0…  3459.63     0.999999  [0.0056016, 0.00648689, 0.316864…       3408.31       51.3218
 337 │ [1.42078, 0.960139, 1.28924, 1.0…  3455.13     0.999999  [0.0056016, 0.00648689, 0.316864…       3403.29       51.8407
 338 │ [1.42078, 0.960139, 1.28924, 1.0…  3481.87     0.999999  [0.0056016, 0.00648689, 0.316864…       3432.73       49.1415
 339 │ [1.42078, 0.960139, 1.28924, 1.0…  3492.49     0.999999  [0.0056016, 0.00648689, 0.316864…       3444.22       48.2643
 340 │ [1.42078, 0.960139, 1.28924, 1.0…  3546.06     0.999999  [0.0056016, 0.00648689, 0.316864…       3503.2        42.8669
 341 │ [1.42078, 0.960139, 1.28924, 1.0…  3563.61     0.999999  [0.0056016, 0.00648689, 0.316864…       3522.31       41.3033
 342 │ [1.42078, 0.960139, 1.28924, 1.0…  3644.22     0.999999  [0.0056016, 0.00648689, 0.316864…       3611.0        33.2156
 343 │ [1.42078, 0.960139, 1.28924, 1.0…  3668.49     0.999999  [0.0056016, 0.00648689, 0.316864…       3637.67       30.8148
 344 │ [1.42078, 0.960139, 1.28924, 1.0…  3776.41     0.999999  [0.0056016, 0.00648689, 0.316864…       3756.35       20.0622
 345 │ [1.42078, 0.960139, 1.28924, 1.0…  7560.98     0.999867  [0.0056016, 0.00648689, 0.316864…       7908.4      -347.418
 346 │ [1.42078, 0.960139, 1.28924, 1.0…  8057.59     0.999759  [0.0056016, 0.00648689, 0.316864…       8399.05     -341.456
 347 │ [1.42078, 0.960139, 0.889243, 1.…  8246.87     0.999698  [0.0056016, 0.00648689, -0.48638…       8253.91       -7.04159
 348 │ [1.42078, 0.960139, 0.889243, 1.…  8258.65     0.999694  [0.0056016, 0.00648689, -0.48638…       8265.68       -7.02989
 349 │ [1.42078, 0.960139, 0.889243, 1.…  8254.97     0.999695  [0.0056016, 0.00648689, -0.48638…       8260.66       -5.69021
 350 │ [1.42078, 0.960139, 0.889243, 1.…  8284.44     0.999684  [0.0056016, 0.00648689, -0.48638…       8290.1        -5.66133
 351 │ [1.42078, 0.960139, 0.889243, 1.…  8300.72     0.999678  [0.0056016, 0.00648689, -0.48638…       8301.6        -0.873887
 352 │ [1.42078, 0.960139, 0.889243, 1.…  8359.73     0.999654  [0.0056016, 0.00648689, -0.48638…       8360.57       -0.841521
 353 │ [1.42078, 0.960139, 0.889243, 1.…  8386.74     0.999643  [0.0056016, 0.00648689, -0.48638…       8379.68        7.05432
 354 │ [1.42078, 0.960139, 0.889243, 1.…  8475.42     0.999603  [0.0056016, 0.00648689, -0.48638…       8468.37        7.04542
 355 │ [1.42078, 0.960139, 0.889243, 1.…  8512.96     0.999584  [0.0056016, 0.00648689, -0.48638…       8495.04       17.9228
 356 │ [1.42078, 0.960139, 0.889243, 1.…  8631.54     0.999521  [0.0056016, 0.00648689, -0.48638…       8613.72       17.8191
 357 │ [1.42078, 0.960139, 1.38924, 1.0…  6637.54     0.999956  [0.0056016, 0.00648689, 0.437527…       6549.84       87.6989
 358 │ [1.42078, 0.960139, 1.38924, 1.0…  6646.81     0.999956  [0.0056016, 0.00648689, 0.437527…       6561.61       85.1998
 359 │ [1.42078, 0.960139, 1.38924, 1.0…  6643.84     0.999956  [0.0056016, 0.00648689, 0.437527…       6556.59       87.2418
 360 │ [1.42078, 0.960139, 1.38924, 1.0…  6667.02     0.999955  [0.0056016, 0.00648689, 0.437527…       6586.03       80.9937
 361 │ [1.42078, 0.960139, 1.38924, 1.0…  6679.53     0.999954  [0.0056016, 0.00648689, 0.437527…       6597.52       82.0106
 362 │ [1.42078, 0.960139, 1.38924, 1.0…  6726.01     0.999951  [0.0056016, 0.00648689, 0.437527…       6656.5        69.5132
 363 │ [1.42078, 0.960139, 1.38924, 1.0…  6746.72     0.99995   [0.0056016, 0.00648689, 0.437527…       6675.61       71.1057
 364 │ [1.42078, 0.960139, 1.38924, 1.0…  6816.67     0.999946  [0.0056016, 0.00648689, 0.437527…       6764.3        52.3734
 365 │ [1.42078, 0.960139, 1.38924, 1.0…  6845.37     0.999944  [0.0056016, 0.00648689, 0.437527…       6790.97       54.395
 366 │ [1.42078, 0.960139, 1.38924, 1.0…  6939.1      0.999937  [0.0056016, 0.00648689, 0.437527…       6909.65       29.4534
 367 │ [1.42078, 0.960139, 1.08924, 1.0…    74.7838   1.0       [0.0056016, 0.00648689, -0.00767…        105.754     -30.9704
 368 │ [1.42078, 0.960139, 1.08924, 1.0…    70.0826   1.0       [0.0056016, 0.00648689, -0.00767…         99.0099    -28.9273
 369 │ [1.42078, 0.960139, 1.08924, 1.0…    94.0515   1.0       [0.0056016, 0.00648689, -0.00767…        126.187     -32.1353
 370 │ [1.42078, 0.960139, 1.08924, 1.0…    82.5049   1.0       [0.0056016, 0.00648689, -0.00767…        109.53      -27.0251
 371 │ [1.42078, 0.960139, 1.08924, 1.0…   155.684    1.0       [0.0056016, 0.00648689, -0.00767…        189.061     -33.3764
 372 │ [1.42078, 0.960139, 1.08924, 1.0…   134.046    1.0       [0.0056016, 0.00648689, -0.00767…        157.204     -23.1582
 373 │ [1.42078, 0.960139, 1.08924, 1.0…   253.583    1.0       [0.0056016, 0.00648689, -0.00767…        287.33      -33.7464
 374 │ [1.42078, 0.960139, 1.08924, 1.0…   224.773    1.0       [0.0056016, 0.00648689, -0.00767…        243.194     -18.4208
 375 │ [1.42078, 0.960139, 1.08924, 1.0…   387.019    1.0       [0.0056016, 0.00648689, -0.00767…        420.264     -33.245
 376 │ [1.42078, 0.960139, 1.08924, 1.0…   355.417    1.0       [0.0056016, 0.00648689, -0.00767…        368.241     -12.8237
 377 │ [1.42078, 0.960139, 1.08924, 1.0…  4481.37     0.999997  [0.0056016, 0.00648689, -0.00767…       4434.37       47.0019
 378 │ [1.42078, 0.960139, 1.08924, 1.0…  5312.55     0.999991  [0.0056016, 0.00648689, -0.00767…       5203.55      108.994
 379 │ [1.42078, 0.960139, 1.08924, 1.0…  9288.03     0.998947  [0.0056016, 0.00648689, -0.00767…       9041.19      246.842
 380 │ [1.42078, 0.960139, 1.08924, 1.1…   112.573    1.0       [0.0056016, 0.00648689, -0.00767…        128.261     -15.6883
 381 │ [1.42078, 0.960139, 1.08924, 1.1…   103.175    1.0       [0.0056016, 0.00648689, -0.00767…        121.517     -18.342
 382 │ [1.42078, 0.960139, 1.08924, 1.1…   135.084    1.0       [0.0056016, 0.00648689, -0.00767…        148.694     -13.6094
 383 │ [1.42078, 0.960139, 1.08924, 1.1…   111.792    1.0       [0.0056016, 0.00648689, -0.00767…        132.037     -20.2455
 384 │ [1.42078, 0.960139, 1.08924, 1.1…   201.609    1.0       [0.0056016, 0.00648689, -0.00767…        211.568      -9.9584
 385 │ [1.42078, 0.960139, 1.08924, 1.1…   156.439    1.0       [0.0056016, 0.00648689, -0.00767…        179.712     -23.2723
 386 │ [1.42078, 0.960139, 1.08924, 1.1…   303.773    1.0       [0.0056016, 0.00648689, -0.00767…        309.837      -6.06406
 387 │ [1.42078, 0.960139, 1.08924, 1.1…   239.565    1.0       [0.0056016, 0.00648689, -0.00767…        265.701     -26.1352
 388 │ [1.42078, 0.960139, 1.08924, 1.1…   440.865    1.0       [0.0056016, 0.00648689, -0.00767…        442.771      -1.90622
 389 │ [1.42078, 0.960139, 1.08924, 1.1…   361.89     1.0       [0.0056016, 0.00648689, -0.00767…        390.748     -28.8585
 390 │ [1.42078, 0.960139, 1.08924, 1.1…  4541.04     0.999996  [0.0056016, 0.00648689, -0.00767…       4456.87       84.1677
 391 │ [1.42078, 0.960139, 1.08924, 1.1…  5159.13     0.999993  [0.0056016, 0.00648689, -0.00767…       5226.06      -66.9278
 392 │ [1.42078, 0.960139, 1.08924, 1.1…  9327.06     0.998897  [0.0056016, 0.00648689, -0.00767…       9063.7       263.364
 393 │ [1.42078, 0.960139, 1.08924, 1.1…   360.93     1.0       [0.0056016, 0.00648689, -0.00767…        365.841      -4.91076
 394 │ [1.42078, 0.960139, 1.08924, 1.1…   349.094    1.0       [0.0056016, 0.00648689, -0.00767…        359.097     -10.0028
 395 │ [1.42078, 0.960139, 1.08924, 1.1…   385.127    1.0       [0.0056016, 0.00648689, -0.00767…        386.274      -1.14627
 396 │ [1.42078, 0.960139, 1.08924, 1.1…   355.729    1.0       [0.0056016, 0.00648689, -0.00767…        369.617     -13.8882
 397 │ [1.42078, 0.960139, 1.08924, 1.1…   454.183    1.0       [0.0056016, 0.00648689, -0.00767…        449.148       5.03524
 398 │ [1.42078, 0.960139, 1.08924, 1.1…   396.784    1.0       [0.0056016, 0.00648689, -0.00767…        417.292     -20.5077
 399 │ [1.42078, 0.960139, 1.08924, 1.1…   558.55     1.0       [0.0056016, 0.00648689, -0.00767…        547.417      11.1331
 400 │ [1.42078, 0.960139, 1.08924, 1.1…   475.944    1.0       [0.0056016, 0.00648689, -0.00767…        503.281     -27.3366
 401 │ [1.42078, 0.960139, 1.08924, 1.1…   697.525    1.0       [0.0056016, 0.00648689, -0.00767…        680.351      17.174
 402 │ [1.42078, 0.960139, 1.08924, 1.1…   593.918    1.0       [0.0056016, 0.00648689, -0.00767…        628.328     -34.4098
 403 │ [1.42078, 0.960139, 1.08924, 1.1…  4800.33     0.999995  [0.0056016, 0.00648689, -0.00767…       4694.45      105.882
 404 │ [1.42078, 0.960139, 1.08924, 1.1…  5306.84     0.999991  [0.0056016, 0.00648689, -0.00767…       5463.64     -156.806
 405 │ [1.42078, 0.960139, 1.08924, 1.1…  9575.63     0.998514  [0.0056016, 0.00648689, -0.00767…       9301.28      274.35
 406 │ [1.42078, 0.960139, 1.08924, 1.0…   334.176    1.0       [0.0056016, 0.00648689, -0.00767…        368.793     -34.6166
 407 │ [1.42078, 0.960139, 1.08924, 1.0…   331.718    1.0       [0.0056016, 0.00648689, -0.00767…        362.049     -30.3305
 408 │ [1.42078, 0.960139, 1.08924, 1.0…   351.892    1.0       [0.0056016, 0.00648689, -0.00767…        389.226     -37.3332
 409 │ [1.42078, 0.960139, 1.08924, 1.0…   345.956    1.0       [0.0056016, 0.00648689, -0.00767…        372.569     -26.6133
 410 │ [1.42078, 0.960139, 1.08924, 1.0…   411.184    1.0       [0.0056016, 0.00648689, -0.00767…        452.1       -40.9162
 411 │ [1.42078, 0.960139, 1.08924, 1.0…   400.785    1.0       [0.0056016, 0.00648689, -0.00767…        420.243     -19.4586
 412 │ [1.42078, 0.960139, 1.08924, 1.0…   507.037    1.0       [0.0056016, 0.00648689, -0.00767…        550.369     -43.3317
 413 │ [1.42078, 0.960139, 1.08924, 1.0…   495.128    1.0       [0.0056016, 0.00648689, -0.00767…        506.232     -11.1043
 414 │ [1.42078, 0.960139, 1.08924, 1.0…   638.711    1.0       [0.0056016, 0.00648689, -0.00767…        683.303     -44.5927
 415 │ [1.42078, 0.960139, 1.08924, 1.0…   629.725    1.0       [0.0056016, 0.00648689, -0.00767…        631.28       -1.55448
 416 │ [1.42078, 0.960139, 1.08924, 1.0…  4730.08     0.999996  [0.0056016, 0.00648689, -0.00767…       4697.4        32.6803
 417 │ [1.42078, 0.960139, 1.08924, 1.0…  5662.25     0.999986  [0.0056016, 0.00648689, -0.00767…       5466.59      195.66
 418 │ [1.42078, 0.960139, 1.08924, 1.0…  9546.84     0.998564  [0.0056016, 0.00648689, -0.00767…       9304.23      242.612
 419 │ [1.42078, 0.960139, 1.08924, 0.9…  1558.07     1.0       [0.0056016, 0.00648689, -0.00767…       1598.21      -40.135
 420 │ [1.42078, 0.960139, 1.08924, 0.9…  1559.86     1.0       [0.0056016, 0.00648689, -0.00767…       1591.47      -31.6021
 421 │ [1.42078, 0.960139, 1.08924, 0.9…  1572.85     1.0       [0.0056016, 0.00648689, -0.00767…       1618.64      -45.7882
 422 │ [1.42078, 0.960139, 1.08924, 0.9…  1577.53     1.0       [0.0056016, 0.00648689, -0.00767…       1601.99      -24.4523
 423 │ [1.42078, 0.960139, 1.08924, 0.9…  1627.71     1.0       [0.0056016, 0.00648689, -0.00767…       1681.52      -53.8089
 424 │ [1.42078, 0.960139, 1.08924, 0.9…  1638.57     1.0       [0.0056016, 0.00648689, -0.00767…       1649.66      -11.0887
 425 │ [1.42078, 0.960139, 1.08924, 0.9…  1719.68     1.0       [0.0056016, 0.00648689, -0.00767…       1779.79      -60.1026
 426 │ [1.42078, 0.960139, 1.08924, 0.9…  1739.74     1.0       [0.0056016, 0.00648689, -0.00767…       1735.65        4.09354
 427 │ [1.42078, 0.960139, 1.08924, 0.9…  1848.02     1.0       [0.0056016, 0.00648689, -0.00767…       1912.72      -64.7018
 428 │ [1.42078, 0.960139, 1.08924, 0.9…  1881.8      1.0       [0.0056016, 0.00648689, -0.00767…       1860.7        21.1011
 429 │ [1.42078, 0.960139, 1.08924, 0.9…  5933.88     0.999981  [0.0056016, 0.00648689, -0.00767…       5926.82        7.06027
 430 │ [1.42078, 0.960139, 1.08924, 0.9…  7055.62     0.999928  [0.0056016, 0.00648689, -0.00767…       6696.01      359.613
 431 │ [1.42078, 0.960139, 1.08924, 1.1…  1215.79     1.0       [0.0056016, 0.00648689, -0.00767…       1197.78       18.0114
 432 │ [1.42078, 0.960139, 1.08924, 1.1…  1198.92     1.0       [0.0056016, 0.00648689, -0.00767…       1191.03        7.88466
 433 │ [1.42078, 0.960139, 1.08924, 1.1…  1243.45     1.0       [0.0056016, 0.00648689, -0.00767…       1218.21       25.2414
 434 │ [1.42078, 0.960139, 1.08924, 1.1…  1201.46     1.0       [0.0056016, 0.00648689, -0.00767…       1201.55       -0.0939346
 435 │ [1.42078, 0.960139, 1.08924, 1.1…  1317.71     1.0       [0.0056016, 0.00648689, -0.00767…       1281.08       36.6245
 436 │ [1.42078, 0.960139, 1.08924, 1.1…  1235.08     1.0       [0.0056016, 0.00648689, -0.00767…       1249.23      -14.1515
 437 │ [1.42078, 0.960139, 1.08924, 1.1…  1426.58     1.0       [0.0056016, 0.00648689, -0.00767…       1379.35       47.226
 438 │ [1.42078, 0.960139, 1.08924, 1.1…  1306.01     1.0       [0.0056016, 0.00648689, -0.00767…       1335.22      -29.2063
 439 │ [1.42078, 0.960139, 1.08924, 1.1…  1569.39     1.0       [0.0056016, 0.00648689, -0.00767…       1512.29       57.1011
 440 │ [1.42078, 0.960139, 1.08924, 1.1…  1414.95     1.0       [0.0056016, 0.00648689, -0.00767…       1460.26      -45.3175
 441 │ [1.42078, 0.960139, 1.08924, 1.1…  5676.41     0.999986  [0.0056016, 0.00648689, -0.00767…       5526.39      150.025
 442 │ [1.42078, 0.960139, 1.08924, 1.1…  5950.9      0.999981  [0.0056016, 0.00648689, -0.00767…       6295.58     -344.678
 443 │ [1.42078, 0.960139, 1.08924, 1.2…  1789.01     1.0       [0.0056016, 0.00648689, -0.00767…       1760.14       28.8717
 444 │ [1.42078, 0.960139, 1.08924, 1.2…  1769.56     1.0       [0.0056016, 0.00648689, -0.00767…       1753.4        16.1617
 445 │ [1.42078, 0.960139, 1.08924, 1.2…  1818.45     1.0       [0.0056016, 0.00648689, -0.00767…       1780.58       37.8729
 446 │ [1.42078, 0.960139, 1.08924, 1.2…  1770.0      1.0       [0.0056016, 0.00648689, -0.00767…       1763.92        6.08274
 447 │ [1.42078, 0.960139, 1.08924, 1.2…  1895.36     1.0       [0.0056016, 0.00648689, -0.00767…       1843.45       51.9116
 448 │ [1.42078, 0.960139, 1.08924, 1.2…  1799.79     1.0       [0.0056016, 0.00648689, -0.00767…       1811.59      -11.8024
 449 │ [1.42078, 0.960139, 1.08924, 1.2…  2006.52     1.0       [0.0056016, 0.00648689, -0.00767…       1941.72       64.8
 450 │ [1.42078, 0.960139, 1.08924, 1.2…  1866.48     1.0       [0.0056016, 0.00648689, -0.00767…       1897.58      -31.1041
 451 │ [1.42078, 0.960139, 1.08924, 1.2…  2151.26     1.0       [0.0056016, 0.00648689, -0.00767…       2074.65       76.6109
 452 │ [1.42078, 0.960139, 1.08924, 1.2…  1970.74     1.0       [0.0056016, 0.00648689, -0.00767…       2022.63      -51.8857
 453 │ [1.42078, 0.960139, 1.08924, 1.2…  6259.69     0.999972  [0.0056016, 0.00648689, -0.00767…       6088.75      170.935
 454 │ [1.42078, 0.960139, 1.08924, 1.2…  6414.26     0.999966  [0.0056016, 0.00648689, -0.00767…       6857.94     -443.684
 455 │ [1.42078, 0.960139, 1.08924, 0.9…  2594.88     1.0       [0.0056016, 0.00648689, -0.00767…       2640.84      -45.9579
 456 │ [1.42078, 0.960139, 1.08924, 0.9…  2598.66     1.0       [0.0056016, 0.00648689, -0.00767…       2634.1       -35.4387
 457 │ [1.42078, 0.960139, 1.08924, 0.9…  2608.28     1.0       [0.0056016, 0.00648689, -0.00767…       2661.27      -52.9894
 458 │ [1.42078, 0.960139, 1.08924, 0.9…  2617.94     1.0       [0.0056016, 0.00648689, -0.00767…       2644.62      -26.6801
 459 │ [1.42078, 0.960139, 1.08924, 0.9…  2661.06     1.0       [0.0056016, 0.00648689, -0.00767…       2724.15      -63.0863
 460 │ [1.42078, 0.960139, 1.08924, 0.9…  2681.88     1.0       [0.0056016, 0.00648689, -0.00767…       2692.29      -10.4107
 461 │ [1.42078, 0.960139, 1.08924, 0.9…  2751.22     1.0       [0.0056016, 0.00648689, -0.00767…       2822.41      -71.1972
 462 │ [1.42078, 0.960139, 1.08924, 0.9…  2786.25     1.0       [0.0056016, 0.00648689, -0.00767…       2778.28        7.96707
 463 │ [1.42078, 0.960139, 1.08924, 0.9…  2877.99     1.0       [0.0056016, 0.00648689, -0.00767…       2955.35      -77.3569
 464 │ [1.42078, 0.960139, 1.08924, 0.9…  2931.79     0.999999  [0.0056016, 0.00648689, -0.00767…       2903.33       28.4621
 465 │ [1.42078, 0.960139, 1.08924, 0.9…  6961.56     0.999935  [0.0056016, 0.00648689, -0.00767…       6969.45       -7.88834
 466 │ [1.42078, 0.960139, 1.08924, 0.9…  8171.37     0.999724  [0.0056016, 0.00648689, -0.00767…       7738.64      432.729
 467 │ [1.42078, 0.960139, 1.08924, 1.2…  2440.5      1.0       [0.0056016, 0.00648689, -0.00767…       2401.47       39.0238
 468 │ [1.42078, 0.960139, 1.08924, 1.2…  2418.43     1.0       [0.0056016, 0.00648689, -0.00767…       2394.73       23.6977
 469 │ [1.42078, 0.960139, 1.08924, 1.2…  2471.73     1.0       [0.0056016, 0.00648689, -0.00767…       2421.91       49.8203
 470 │ [1.42078, 0.960139, 1.08924, 1.2…  2416.74     1.0       [0.0056016, 0.00648689, -0.00767…       2405.25       11.4854
 471 │ [1.42078, 0.960139, 1.08924, 1.2…  2551.32     1.0       [0.0056016, 0.00648689, -0.00767…       2484.78       66.5365
 472 │ [1.42078, 0.960139, 1.08924, 1.2…  2442.63     1.0       [0.0056016, 0.00648689, -0.00767…       2452.93      -10.2911
 473 │ [1.42078, 0.960139, 1.08924, 1.2…  2664.78     1.0       [0.0056016, 0.00648689, -0.00767…       2583.05       81.7272
 474 │ [1.42078, 0.960139, 1.08924, 1.2…  2505.0      1.0       [0.0056016, 0.00648689, -0.00767…       2538.91      -33.912
 475 │ [1.42078, 0.960139, 1.08924, 1.2…  2811.46     1.0       [0.0056016, 0.00648689, -0.00767…       2715.99       95.4783
 476 │ [1.42078, 0.960139, 1.08924, 1.2…  2604.51     1.0       [0.0056016, 0.00648689, -0.00767…       2663.96      -59.4562
 477 │ [1.42078, 0.960139, 1.08924, 1.2…  6920.7      0.999938  [0.0056016, 0.00648689, -0.00767…       6730.09      190.614
 478 │ [1.42078, 0.960139, 1.08924, 1.2…  6953.09     0.999936  [0.0056016, 0.00648689, -0.00767…       7499.27     -546.184
 479 │ [1.42078, 0.960139, 1.08924, 0.9…  3971.85     0.999998  [0.0056016, 0.00648689, -0.00767…       4023.69      -51.8423
 480 │ [1.42078, 0.960139, 1.08924, 0.9…  3977.51     0.999998  [0.0056016, 0.00648689, -0.00767…       4016.95      -39.4334
 481 │ [1.42078, 0.960139, 1.08924, 0.9…  3983.94     0.999998  [0.0056016, 0.00648689, -0.00767…       4044.12      -60.1796
 482 │ [1.42078, 0.960139, 1.08924, 0.9…  3998.32     0.999998  [0.0056016, 0.00648689, -0.00767…       4027.47      -29.1451
 483 │ [1.42078, 0.960139, 1.08924, 0.9…  4034.75     0.999998  [0.0056016, 0.00648689, -0.00767…       4107.0       -72.2496
 484 │ [1.42078, 0.960139, 1.08924, 0.9…  4065.03     0.999998  [0.0056016, 0.00648689, -0.00767…       4075.14      -10.1125
 485 │ [1.42078, 0.960139, 1.08924, 0.9…  4123.18     0.999998  [0.0056016, 0.00648689, -0.00767…       4205.27      -82.0812
 486 │ [1.42078, 0.960139, 1.08924, 0.9…  4172.43     0.999998  [0.0056016, 0.00648689, -0.00767…       4161.13       11.305
 487 │ [1.42078, 0.960139, 1.08924, 0.9…  4248.48     0.999998  [0.0056016, 0.00648689, -0.00767…       4338.2       -89.7202
 488 │ [1.42078, 0.960139, 1.08924, 0.9…  4321.3      0.999997  [0.0056016, 0.00648689, -0.00767…       4286.18       35.1184
 489 │ [1.42078, 0.960139, 1.08924, 0.9…  8330.24     0.999666  [0.0056016, 0.00648689, -0.00767…       8352.3       -22.0645
 490 │ [1.42078, 0.960139, 1.08924, 0.9…  9623.26     0.998427  [0.0056016, 0.00648689, -0.00767…       9121.49      501.775
 491 │ [1.42078, 0.960139, 1.08924, 1.2…  3931.14     0.999998  [0.0056016, 0.00648689, -0.00767…       3875.1        56.0304
 492 │ [1.42078, 0.960139, 1.08924, 1.2…  3903.76     0.999998  [0.0056016, 0.00648689, -0.00767…       3868.36       35.3952
 493 │ [1.42078, 0.960139, 1.08924, 1.2…  3966.0      0.999998  [0.0056016, 0.00648689, -0.00767…       3895.54       70.4614
 494 │ [1.42078, 0.960139, 1.08924, 1.2…  3897.72     0.999998  [0.0056016, 0.00648689, -0.00767…       3878.88       18.8396
 495 │ [1.42078, 0.960139, 1.08924, 1.2…  4050.99     0.999998  [0.0056016, 0.00648689, -0.00767…       3958.41       92.5834
 496 │ [1.42078, 0.960139, 1.08924, 1.2…  3915.68     0.999998  [0.0056016, 0.00648689, -0.00767…       3926.56      -10.8731
 497 │ [1.42078, 0.960139, 1.08924, 1.2…  4169.07     0.999998  [0.0056016, 0.00648689, -0.00767…       4056.68      112.394
 498 │ [1.42078, 0.960139, 1.08924, 1.2…  3969.21     0.999998  [0.0056016, 0.00648689, -0.00767…       4012.54      -43.3301
 499 │ [1.42078, 0.960139, 1.08924, 1.2…  4319.63     0.999997  [0.0056016, 0.00648689, -0.00767…       4189.62      130.01
 500 │ [1.42078, 0.960139, 1.08924, 1.2…  4058.96     0.999998  [0.0056016, 0.00648689, -0.00767…       4137.59      -78.6321
 501 │ [1.42078, 0.960139, 1.08924, 1.2…  8428.42     0.999625  [0.0056016, 0.00648689, -0.00767…       8203.72      224.707
 502 │ [1.42078, 0.960139, 1.08924, 1.2…  8210.7      0.999711  [0.0056016, 0.00648689, -0.00767…       8972.9      -762.203
 503 │ [1.42078, 0.960139, 1.08924, 0.8…  7955.61     0.999787  [0.0056016, 0.00648689, -0.00767…       7970.32      -14.7143
 504 │ [1.42078, 0.960139, 1.08924, 0.8…  7964.73     0.999785  [0.0056016, 0.00648689, -0.00767…       7963.58        1.15133
 505 │ [1.42078, 0.960139, 1.08924, 0.8…  7965.31     0.999785  [0.0056016, 0.00648689, -0.00767…       7990.75      -25.4395
 506 │ [1.42078, 0.960139, 1.08924, 0.8…  7988.33     0.999779  [0.0056016, 0.00648689, -0.00767…       7974.1        14.2379
 507 │ [1.42078, 0.960139, 1.08924, 0.8…  8012.52     0.999772  [0.0056016, 0.00648689, -0.00767…       8053.63      -41.1045
 508 │ [1.42078, 0.960139, 1.08924, 0.8…  8060.11     0.999759  [0.0056016, 0.00648689, -0.00767…       8021.77       38.3426
 509 │ [1.42078, 0.960139, 1.08924, 0.8…  8097.84     0.999747  [0.0056016, 0.00648689, -0.00767…       8151.9       -54.0592
 510 │ [1.42078, 0.960139, 1.08924, 0.8…  8173.09     0.999724  [0.0056016, 0.00648689, -0.00767…       8107.76       65.3347
 511 │ [1.42078, 0.960139, 1.08924, 0.8…  8220.47     0.999707  [0.0056016, 0.00648689, -0.00767…       8284.83      -64.3626
 512 │ [1.42078, 0.960139, 1.08924, 0.8…  8328.05     0.999667  [0.0056016, 0.00648689, -0.00767…       8232.81       95.2452
 513 │ [1.42078, 0.960139, 1.08924, 1.3…  7403.93     0.99989   [0.0056016, 0.00648689, -0.00767…       7378.27       25.6602
 514 │ [1.42078, 0.960139, 1.08924, 1.3…  7365.77     0.999895  [0.0056016, 0.00648689, -0.00767…       7371.52       -5.7534
 515 │ [1.42078, 0.960139, 1.08924, 1.3…  7446.12     0.999884  [0.0056016, 0.00648689, -0.00767…       7398.7        47.4194
 516 │ [1.42078, 0.960139, 1.08924, 1.3…  7350.88     0.999897  [0.0056016, 0.00648689, -0.00767…       7382.04      -31.1671
 517 │ [1.42078, 0.960139, 1.08924, 1.3…  7541.93     0.99987   [0.0056016, 0.00648689, -0.00767…       7461.57       80.3571
 518 │ [1.42078, 0.960139, 1.08924, 1.3…  7352.56     0.999897  [0.0056016, 0.00648689, -0.00767…       7429.72      -77.1538
 519 │ [1.42078, 0.960139, 1.08924, 1.3…  7669.14     0.999849  [0.0056016, 0.00648689, -0.00767…       7559.84      109.293
 520 │ [1.42078, 0.960139, 1.08924, 1.3…  7387.88     0.999892  [0.0056016, 0.00648689, -0.00767…       7515.71     -127.823
 521 │ [1.42078, 0.960139, 1.08924, 1.3…  7827.19     0.999817  [0.0056016, 0.00648689, -0.00767…       7692.78      134.409
 522 │ [1.42078, 0.960139, 1.08924, 1.3…  7457.41     0.999883  [0.0056016, 0.00648689, -0.00767…       7640.75     -183.343
 523 │ [1.42078, 0.960139, 1.08924, 1.0…    68.362    1.0       [0.0056016, 0.00648689, -0.00767…         96.5175    -28.1556
 524 │ [1.42078, 0.960139, 1.08924, 1.0…    76.5308   1.0       [0.0056016, 0.00648689, -0.00767…        108.287     -31.7564
 525 │ [1.42078, 0.960139, 1.08924, 1.0…    78.1417   1.0       [0.0056016, 0.00648689, -0.00767…        103.269     -25.1274
 526 │ [1.42078, 0.960139, 1.08924, 1.0…    98.5726   1.0       [0.0056016, 0.00648689, -0.00767…        132.707     -34.1343
 527 │ [1.42078, 0.960139, 1.08924, 1.0…   124.721    1.0       [0.0056016, 0.00648689, -0.00767…        144.2       -19.4793
 528 │ [1.42078, 0.960139, 1.08924, 1.0…   165.648    1.0       [0.0056016, 0.00648689, -0.00767…        203.171     -37.5228
 529 │ [1.42078, 0.960139, 1.08924, 1.0…   209.122    1.0       [0.0056016, 0.00648689, -0.00767…        222.286     -13.1642
 530 │ [1.42078, 0.960139, 1.08924, 1.0…   270.682    1.0       [0.0056016, 0.00648689, -0.00767…        310.976     -40.2936
 531 │ [1.42078, 0.960139, 1.08924, 1.0…   331.319    1.0       [0.0056016, 0.00648689, -0.00767…        337.646      -6.32742
 532 │ [1.42078, 0.960139, 1.08924, 1.0…   413.712    1.0       [0.0056016, 0.00648689, -0.00767…        456.321     -42.6093
 533 │ [1.42078, 0.960139, 1.08924, 1.0…  4734.86     0.999996  [0.0056016, 0.00648689, -0.00767…       4608.38      126.48
 534 │ [1.42078, 0.960139, 1.08924, 1.0…  5109.06     0.999993  [0.0056016, 0.00648689, -0.00767…       5099.02       10.0406
 535 │ [1.42078, 0.960139, 1.08924, 1.1…    99.7512   1.0       [0.0056016, 0.00648689, -0.00767…        119.025     -19.2734
 536 │ [1.42078, 0.960139, 1.08924, 1.1…   116.054    1.0       [0.0056016, 0.00648689, -0.00767…        130.794     -14.7405
 537 │ [1.42078, 0.960139, 1.08924, 1.1…   103.232    1.0       [0.0056016, 0.00648689, -0.00767…        125.776     -22.5441
 538 │ [1.42078, 0.960139, 1.08924, 1.1…   144.004    1.0       [0.0056016, 0.00648689, -0.00767…        155.214     -11.2101
 539 │ [1.42078, 0.960139, 1.08924, 1.1…   138.919    1.0       [0.0056016, 0.00648689, -0.00767…        166.707     -27.7885
 540 │ [1.42078, 0.960139, 1.08924, 1.1…   220.572    1.0       [0.0056016, 0.00648689, -0.00767…        225.678      -5.10639
 541 │ [1.42078, 0.960139, 1.08924, 1.1…   211.92     1.0       [0.0056016, 0.00648689, -0.00767…        244.793     -32.873
 542 │ [1.42078, 0.960139, 1.08924, 1.1…   334.67     1.0       [0.0056016, 0.00648689, -0.00767…        333.483       1.18717
 543 │ [1.42078, 0.960139, 1.08924, 1.1…   322.191    1.0       [0.0056016, 0.00648689, -0.00767…        360.153     -37.9625
 544 │ [1.42078, 0.960139, 1.08924, 1.1…   486.362    1.0       [0.0056016, 0.00648689, -0.00767…        478.828       7.53409
 545 │ [1.42078, 0.960139, 1.08924, 1.1…  4534.03     0.999996  [0.0056016, 0.00648689, -0.00767…       4630.89      -96.8556
 546 │ [1.42078, 0.960139, 1.08924, 1.1…  5261.74     0.999992  [0.0056016, 0.00648689, -0.00767…       5121.53      140.209
 547 │ [1.42078, 0.960139, 1.08924, 1.1…   344.784    1.0       [0.0056016, 0.00648689, -0.00767…        356.605     -11.8209
 548 │ [1.42078, 0.960139, 1.08924, 1.1…   365.316    1.0       [0.0056016, 0.00648689, -0.00767…        368.374      -3.05874
 549 │ [1.42078, 0.960139, 1.08924, 1.1…   344.99     1.0       [0.0056016, 0.00648689, -0.00767…        363.356     -18.3662
 550 │ [1.42078, 0.960139, 1.08924, 1.1…   396.334    1.0       [0.0056016, 0.00648689, -0.00767…        392.794       3.5399
 551 │ [1.42078, 0.960139, 1.08924, 1.1…   375.012    1.0       [0.0056016, 0.00648689, -0.00767…        404.287     -29.2752
 552 │ [1.42078, 0.960139, 1.08924, 1.1…   477.829    1.0       [0.0056016, 0.00648689, -0.00767…        463.258      14.5708
 553 │ [1.42078, 0.960139, 1.08924, 1.1…   442.081    1.0       [0.0056016, 0.00648689, -0.00767…        482.373     -40.2921
 554 │ [1.42078, 0.960139, 1.08924, 1.1…   596.633    1.0       [0.0056016, 0.00648689, -0.00767…        571.063      25.5699
 555 │ [1.42078, 0.960139, 1.08924, 1.1…   546.143    1.0       [0.0056016, 0.00648689, -0.00767…        597.733     -51.5905
 556 │ [1.42078, 0.960139, 1.08924, 1.1…   752.816    1.0       [0.0056016, 0.00648689, -0.00767…        716.408      36.4073
 557 │ [1.42078, 0.960139, 1.08924, 1.1…  4657.78     0.999996  [0.0056016, 0.00648689, -0.00767…       4868.47     -210.68
 558 │ [1.42078, 0.960139, 1.08924, 1.1…  5569.57     0.999988  [0.0056016, 0.00648689, -0.00767…       5359.11      210.457
 559 │ [1.42078, 0.960139, 1.08924, 1.0…   330.812    1.0       [0.0056016, 0.00648689, -0.00767…        359.556     -28.7446
 560 │ [1.42078, 0.960139, 1.08924, 1.0…   335.094    1.0       [0.0056016, 0.00648689, -0.00767…        371.326     -36.2323
 561 │ [1.42078, 0.960139, 1.08924, 1.0…   343.601    1.0       [0.0056016, 0.00648689, -0.00767…        366.308     -22.7074
 562 │ [1.42078, 0.960139, 1.08924, 1.0…   354.313    1.0       [0.0056016, 0.00648689, -0.00767…        395.746     -41.4326
 563 │ [1.42078, 0.960139, 1.08924, 1.0…   395.377    1.0       [0.0056016, 0.00648689, -0.00767…        407.239     -11.8621
 564 │ [1.42078, 0.960139, 1.08924, 1.0…   416.855    1.0       [0.0056016, 0.00648689, -0.00767…        466.21      -49.3555
 565 │ [1.42078, 0.960139, 1.08924, 1.0…   485.217    1.0       [0.0056016, 0.00648689, -0.00767…        485.325      -0.108464
 566 │ [1.42078, 0.960139, 1.08924, 1.0…   517.552    1.0       [0.0056016, 0.00648689, -0.00767…        574.015     -56.4631
 567 │ [1.42078, 0.960139, 1.08924, 1.0…   613.102    1.0       [0.0056016, 0.00648689, -0.00767…        600.685      12.4171
 568 │ [1.42078, 0.960139, 1.08924, 1.0…   656.44     1.0       [0.0056016, 0.00648689, -0.00767…        719.36      -62.9203
 569 │ [1.42078, 0.960139, 1.08924, 1.0…  5107.73     0.999993  [0.0056016, 0.00648689, -0.00767…       4871.42      236.315
 570 │ [1.42078, 0.960139, 1.08924, 1.0…  5313.42     0.999991  [0.0056016, 0.00648689, -0.00767…       5362.06      -48.6434
 571 │ [1.42078, 0.960139, 1.08924, 0.9…  1560.5      1.0       [0.0056016, 0.00648689, -0.00767…       1588.97      -28.4776
 572 │ [1.42078, 0.960139, 1.08924, 0.9…  1557.43     1.0       [0.0056016, 0.00648689, -0.00767…       1600.74      -43.3156
 573 │ [1.42078, 0.960139, 1.08924, 0.9…  1578.97     1.0       [0.0056016, 0.00648689, -0.00767…       1595.72      -16.7517
 574 │ [1.42078, 0.960139, 1.08924, 0.9…  1571.3      1.0       [0.0056016, 0.00648689, -0.00767…       1625.16      -53.8579
 575 │ [1.42078, 0.960139, 1.08924, 0.9…  1640.58     1.0       [0.0056016, 0.00648689, -0.00767…       1636.66        3.92609
 576 │ [1.42078, 0.960139, 1.08924, 0.9…  1625.26     1.0       [0.0056016, 0.00648689, -0.00767…       1695.63      -70.371
 577 │ [1.42078, 0.960139, 1.08924, 0.9…  1740.7      1.0       [0.0056016, 0.00648689, -0.00767…       1714.74       25.9621
 578 │ [1.42078, 0.960139, 1.08924, 0.9…  1717.75     1.0       [0.0056016, 0.00648689, -0.00767…       1803.43      -85.6847
 579 │ [1.42078, 0.960139, 1.08924, 0.9…  1879.34     1.0       [0.0056016, 0.00648689, -0.00767…       1830.1        49.2354
 580 │ [1.42078, 0.960139, 1.08924, 0.9…  1848.79     1.0       [0.0056016, 0.00648689, -0.00767…       1948.78      -99.9882
 581 │ [1.42078, 0.960139, 1.08924, 0.9…  6545.62     0.999961  [0.0056016, 0.00648689, -0.00767…       6100.83      444.784
 582 │ [1.42078, 0.960139, 1.08924, 0.9…  6433.04     0.999966  [0.0056016, 0.00648689, -0.00767…       6591.48     -158.441
 583 │ [1.42078, 0.960139, 1.08924, 1.1…  1192.78     1.0       [0.0056016, 0.00648689, -0.00767…       1188.54        4.24273
 584 │ [1.42078, 0.960139, 1.08924, 1.1…  1222.03     1.0       [0.0056016, 0.00648689, -0.00767…       1200.31       21.7224
 585 │ [1.42078, 0.960139, 1.08924, 1.1…  1186.23     1.0       [0.0056016, 0.00648689, -0.00767…       1195.29       -9.0624
 586 │ [1.42078, 0.960139, 1.08924, 1.1…  1259.38     1.0       [0.0056016, 0.00648689, -0.00767…       1224.73       34.6507
 587 │ [1.42078, 0.960139, 1.08924, 1.1…  1204.56     1.0       [0.0056016, 0.00648689, -0.00767…       1236.22      -31.6672
 588 │ [1.42078, 0.960139, 1.08924, 1.1…  1351.03     1.0       [0.0056016, 0.00648689, -0.00767…       1295.19       55.8367
 589 │ [1.42078, 0.960139, 1.08924, 1.1…  1259.37     1.0       [0.0056016, 0.00648689, -0.00767…       1314.31      -54.9395
 590 │ [1.42078, 0.960139, 1.08924, 1.1…  1479.52     1.0       [0.0056016, 0.00648689, -0.00767…       1403.0        76.5212
 591 │ [1.42078, 0.960139, 1.08924, 1.1…  1350.59     1.0       [0.0056016, 0.00648689, -0.00767…       1429.67      -79.0794
 592 │ [1.42078, 0.960139, 1.08924, 1.1…  1644.95     1.0       [0.0056016, 0.00648689, -0.00767…       1548.34       96.6029
 593 │ [1.42078, 0.960139, 1.08924, 1.1…  5254.17     0.999992  [0.0056016, 0.00648689, -0.00767…       5700.4      -446.236
 594 │ [1.42078, 0.960139, 1.08924, 1.1…  6546.5      0.999961  [0.0056016, 0.00648689, -0.00767…       6191.05      355.449
 595 │ [1.42078, 0.960139, 1.08924, 1.2…  1762.49     1.0       [0.0056016, 0.00648689, -0.00767…       1750.91       11.587
 596 │ [1.42078, 0.960139, 1.08924, 1.2…  1796.21     1.0       [0.0056016, 0.00648689, -0.00767…       1762.68       33.5374
 597 │ [1.42078, 0.960139, 1.08924, 1.2…  1752.47     1.0       [0.0056016, 0.00648689, -0.00767…       1757.66       -5.18582
 598 │ [1.42078, 0.960139, 1.08924, 1.2…  1836.8      1.0       [0.0056016, 0.00648689, -0.00767…       1787.1        49.7073
 599 │ [1.42078, 0.960139, 1.08924, 1.2…  1764.79     1.0       [0.0056016, 0.00648689, -0.00767…       1798.59      -33.7955
 600 │ [1.42078, 0.960139, 1.08924, 1.2…  1933.65     1.0       [0.0056016, 0.00648689, -0.00767…       1857.56       76.0949
 601 │ [1.42078, 0.960139, 1.08924, 1.2…  1813.31     1.0       [0.0056016, 0.00648689, -0.00767…       1876.67      -63.3623
 602 │ [1.42078, 0.960139, 1.08924, 1.2…  2067.1      1.0       [0.0056016, 0.00648689, -0.00767…       1965.36      101.737
 603 │ [1.42078, 0.960139, 1.08924, 1.2…  1897.93     1.0       [0.0056016, 0.00648689, -0.00767…       1992.04      -94.1018
 604 │ [1.42078, 0.960139, 1.08924, 1.2…  2237.25     1.0       [0.0056016, 0.00648689, -0.00767…       2110.71      126.544
 605 │ [1.42078, 0.960139, 1.08924, 1.2…  5694.06     0.999986  [0.0056016, 0.00648689, -0.00767…       6262.77     -568.704
 606 │ [1.42078, 0.960139, 1.08924, 1.2…  7181.97     0.999916  [0.0056016, 0.00648689, -0.00767…       6753.41      428.555
 607 │ [1.42078, 0.960139, 1.08924, 0.9…  2600.01     1.0       [0.0056016, 0.00648689, -0.00767…       2631.6       -31.5943
 608 │ [1.42078, 0.960139, 1.08924, 0.9…  2593.5      1.0       [0.0056016, 0.00648689, -0.00767…       2643.37      -49.8759
 609 │ [1.42078, 0.960139, 1.08924, 0.9…  2621.15     1.0       [0.0056016, 0.00648689, -0.00767…       2638.35      -17.2018
 610 │ [1.42078, 0.960139, 1.08924, 0.9…  2604.87     1.0       [0.0056016, 0.00648689, -0.00767…       2667.79      -62.9202
 611 │ [1.42078, 0.960139, 1.08924, 0.9…  2687.36     1.0       [0.0056016, 0.00648689, -0.00767…       2679.29        8.07836
 612 │ [1.42078, 0.960139, 1.08924, 0.9…  2654.8      1.0       [0.0056016, 0.00648689, -0.00767…       2738.26      -83.4541
 613 │ [1.42078, 0.960139, 1.08924, 0.9…  2792.3      1.0       [0.0056016, 0.00648689, -0.00767…       2757.37       34.9275
 614 │ [1.42078, 0.960139, 1.08924, 0.9…  2743.45     1.0       [0.0056016, 0.00648689, -0.00767…       2846.06     -102.613
 615 │ [1.42078, 0.960139, 1.08924, 0.9…  2935.96     0.999999  [0.0056016, 0.00648689, -0.00767…       2872.73       63.2311
 616 │ [1.42078, 0.960139, 1.08924, 0.9…  2870.81     1.0       [0.0056016, 0.00648689, -0.00767…       2991.41     -120.595
 617 │ [1.42078, 0.960139, 1.08924, 0.9…  7682.4      0.999847  [0.0056016, 0.00648689, -0.00767…       7143.46      538.936
 618 │ [1.42078, 0.960139, 1.08924, 0.9…  7421.01     0.999888  [0.0056016, 0.00648689, -0.00767…       7634.11     -213.101
 619 │ [1.42078, 0.960139, 1.08924, 1.2…  2410.41     1.0       [0.0056016, 0.00648689, -0.00767…       2392.24       18.1748
 620 │ [1.42078, 0.960139, 1.08924, 1.2…  2448.67     1.0       [0.0056016, 0.00648689, -0.00767…       2404.01       44.6574
 621 │ [1.42078, 0.960139, 1.08924, 1.2…  2396.88     1.0       [0.0056016, 0.00648689, -0.00767…       2398.99       -2.11179
 622 │ [1.42078, 0.960139, 1.08924, 1.2…  2492.54     1.0       [0.0056016, 0.00648689, -0.00767…       2428.43       64.1106
 623 │ [1.42078, 0.960139, 1.08924, 1.2…  2403.11     1.0       [0.0056016, 0.00648689, -0.00767…       2439.92      -36.8097
 624 │ [1.42078, 0.960139, 1.08924, 1.2…  2594.66     1.0       [0.0056016, 0.00648689, -0.00767…       2498.89       95.7634
 625 │ [1.42078, 0.960139, 1.08924, 1.2…  2445.24     1.0       [0.0056016, 0.00648689, -0.00767…       2518.01      -72.7654
 626 │ [1.42078, 0.960139, 1.08924, 1.2…  2733.12     1.0       [0.0056016, 0.00648689, -0.00767…       2606.7       126.425
 627 │ [1.42078, 0.960139, 1.08924, 1.2…  2523.16     1.0       [0.0056016, 0.00648689, -0.00767…       2633.37     -110.205
 628 │ [1.42078, 0.960139, 1.08924, 1.2…  2908.05     1.0       [0.0056016, 0.00648689, -0.00767…       2752.04      156.012
 629 │ [1.42078, 0.960139, 1.08924, 1.2…  6209.85     0.999974  [0.0056016, 0.00648689, -0.00767…       6904.1      -694.247
 630 │ [1.42078, 0.960139, 1.08924, 1.2…  7896.27     0.999802  [0.0056016, 0.00648689, -0.00767…       7394.74      501.529
 631 │ [1.42078, 0.960139, 1.08924, 0.9…  3979.55     0.999998  [0.0056016, 0.00648689, -0.00767…       4014.45      -34.9043
 632 │ [1.42078, 0.960139, 1.08924, 0.9…  3969.76     0.999998  [0.0056016, 0.00648689, -0.00767…       4026.22      -56.4582
 633 │ [1.42078, 0.960139, 1.08924, 0.9…  4003.23     0.999998  [0.0056016, 0.00648689, -0.00767…       4021.21      -17.979
 634 │ [1.42078, 0.960139, 1.08924, 0.9…  3978.76     0.999998  [0.0056016, 0.00648689, -0.00767…       4050.64      -71.8794
 635 │ [1.42078, 0.960139, 1.08924, 0.9…  4073.81     0.999998  [0.0056016, 0.00648689, -0.00767…       4062.14       11.6774
 636 │ [1.42078, 0.960139, 1.08924, 0.9…  4024.87     0.999998  [0.0056016, 0.00648689, -0.00767…       4121.11      -96.2366
 637 │ [1.42078, 0.960139, 1.08924, 0.9…  4183.32     0.999998  [0.0056016, 0.00648689, -0.00767…       4140.22       43.1004
 638 │ [1.42078, 0.960139, 1.08924, 0.9…  4109.86     0.999998  [0.0056016, 0.00648689, -0.00767…       4228.91     -119.05
 639 │ [1.42078, 0.960139, 1.08924, 0.9…  4331.77     0.999997  [0.0056016, 0.00648689, -0.00767…       4255.58       76.1842
 640 │ [1.42078, 0.960139, 1.08924, 0.9…  4233.73     0.999998  [0.0056016, 0.00648689, -0.00767…       4374.26     -140.523
 641 │ [1.42078, 0.960139, 1.08924, 0.9…  9154.31     0.999103  [0.0056016, 0.00648689, -0.00767…       8526.31      627.992
 642 │ [1.42078, 0.960139, 1.08924, 0.9…  8751.62     0.999447  [0.0056016, 0.00648689, -0.00767…       9016.96     -265.339
 643 │ [1.42078, 0.960139, 1.08924, 1.2…  3893.82     0.999998  [0.0056016, 0.00648689, -0.00767…       3865.87       27.952
 644 │ [1.42078, 0.960139, 1.08924, 1.2…  3941.27     0.999998  [0.0056016, 0.00648689, -0.00767…       3877.64       63.6305
 645 │ [1.42078, 0.960139, 1.08924, 1.2…  3873.14     0.999998  [0.0056016, 0.00648689, -0.00767…       3872.62        0.523659
 646 │ [1.42078, 0.960139, 1.08924, 1.2…  3991.81     0.999998  [0.0056016, 0.00648689, -0.00767…       3902.06       89.7492
 647 │ [1.42078, 0.960139, 1.08924, 1.2…  3867.0      0.999998  [0.0056016, 0.00648689, -0.00767…       3913.55      -46.5526
 648 │ [1.42078, 0.960139, 1.08924, 1.2…  4104.6      0.999998  [0.0056016, 0.00648689, -0.00767…       3972.52      132.082
 649 │ [1.42078, 0.960139, 1.08924, 1.2…  3896.13     0.999998  [0.0056016, 0.00648689, -0.00767…       3991.64      -95.5078
 650 │ [1.42078, 0.960139, 1.08924, 1.2…  4253.23     0.999997  [0.0056016, 0.00648689, -0.00767…       4080.33      172.907
 651 │ [1.42078, 0.960139, 1.08924, 1.2…  3960.41     0.999998  [0.0056016, 0.00648689, -0.00767…       4107.0      -146.59
 652 │ [1.42078, 0.960139, 1.08924, 1.2…  4437.85     0.999997  [0.0056016, 0.00648689, -0.00767…       4225.67      212.173
 653 │ [1.42078, 0.960139, 1.08924, 1.2…  7423.11     0.999888  [0.0056016, 0.00648689, -0.00767…       8377.73     -954.619
 654 │ [1.42078, 0.960139, 1.08924, 1.2…  9513.63     0.99862   [0.0056016, 0.00648689, -0.00767…       8868.37      645.258
 655 │ [1.42078, 0.960139, 1.08924, 0.8…  7968.02     0.999784  [0.0056016, 0.00648689, -0.00767…       7961.08        6.93363
 656 │ [1.42078, 0.960139, 1.08924, 0.8…  7952.25     0.999788  [0.0056016, 0.00648689, -0.00767…       7972.85      -20.6075
 657 │ [1.42078, 0.960139, 1.08924, 0.8…  7996.33     0.999776  [0.0056016, 0.00648689, -0.00767…       7967.84       28.492
 658 │ [1.42078, 0.960139, 1.08924, 0.8…  7956.89     0.999787  [0.0056016, 0.00648689, -0.00767…       7997.27      -40.3787
 659 │ [1.42078, 0.960139, 1.08924, 0.8…  8074.92     0.999754  [0.0056016, 0.00648689, -0.00767…       8008.77       66.1571
 660 │ [1.42078, 0.960139, 1.08924, 0.8…  7996.01     0.999776  [0.0056016, 0.00648689, -0.00767…       8067.74      -71.724
 661 │ [1.42078, 0.960139, 1.08924, 0.8…  8192.8      0.999717  [0.0056016, 0.00648689, -0.00767…       8086.85      105.951
 662 │ [1.42078, 0.960139, 1.08924, 0.8…  8074.33     0.999754  [0.0056016, 0.00648689, -0.00767…       8175.54     -101.216
 663 │ [1.42078, 0.960139, 1.08924, 0.8…  8350.0      0.999658  [0.0056016, 0.00648689, -0.00767…       8202.21      147.785
 664 │ [1.42078, 0.960139, 1.08924, 0.8…  8191.82     0.999717  [0.0056016, 0.00648689, -0.00767…       8320.89     -129.07
 665 │ [1.42078, 0.960139, 1.08924, 1.3…  7351.94     0.999897  [0.0056016, 0.00648689, -0.00767…       7369.03      -17.0923
 666 │ [1.42078, 0.960139, 1.08924, 1.3…  7418.06     0.999888  [0.0056016, 0.00648689, -0.00767…       7380.8        37.2569
 667 │ [1.42078, 0.960139, 1.08924, 1.3…  7316.75     0.999901  [0.0056016, 0.00648689, -0.00767…       7375.78      -59.0301
 668 │ [1.42078, 0.960139, 1.08924, 1.3…  7482.1      0.999879  [0.0056016, 0.00648689, -0.00767…       7405.22       76.8821
 669 │ [1.42078, 0.960139, 1.08924, 1.3…  7285.42     0.999905  [0.0056016, 0.00648689, -0.00767…       7416.71     -131.295
 670 │ [1.42078, 0.960139, 1.08924, 1.3…  7616.51     0.999858  [0.0056016, 0.00648689, -0.00767…       7475.69      140.826
 671 │ [1.42078, 0.960139, 1.08924, 1.3…  7288.06     0.999904  [0.0056016, 0.00648689, -0.00767…       7494.8      -206.743
 672 │ [1.42078, 0.960139, 1.08924, 1.3…  7785.67     0.999826  [0.0056016, 0.00648689, -0.00767…       7583.49      202.182
 673 │ [1.42078, 0.960139, 1.08924, 1.3…  7324.48     0.9999    [0.0056016, 0.00648689, -0.00767…       7610.16     -285.684
 674 │ [1.42078, 0.960139, 1.08924, 1.3…  7989.79     0.999778  [0.0056016, 0.00648689, -0.00767…       7728.84      260.952
 675 │ [1.42078, 0.960139, 1.08924, 1.0…   121.334    1.0       [0.0056016, 0.00648689, -0.00767…        152.646     -31.312
 676 │ [1.42078, 0.960139, 1.08924, 1.0…   116.791    1.0       [0.0056016, 0.00648689, -0.00767…        145.902     -29.1109
 677 │ [1.42078, 0.960139, 1.08924, 1.0…   140.49     1.0       [0.0056016, 0.00648689, -0.00767…        173.079     -32.5888
 678 │ [1.42078, 0.960139, 1.08924, 1.0…   129.339    1.0       [0.0056016, 0.00648689, -0.00767…        156.422     -27.0836
 679 │ [1.42078, 0.960139, 1.08924, 1.0…   201.945    1.0       [0.0056016, 0.00648689, -0.00767…        235.953     -34.0077
 680 │ [1.42078, 0.960139, 1.08924, 1.0…   181.104    1.0       [0.0056016, 0.00648689, -0.00767…        204.097     -22.9928
 681 │ [1.42078, 0.960139, 1.08924, 1.0…   299.679    1.0       [0.0056016, 0.00648689, -0.00767…        334.222     -34.5424
 682 │ [1.42078, 0.960139, 1.08924, 1.0…   272.072    1.0       [0.0056016, 0.00648689, -0.00767…        290.086     -18.014
 683 │ [1.42078, 0.960139, 1.08924, 1.0…   432.96     1.0       [0.0056016, 0.00648689, -0.00767…        467.157     -34.1968
 684 │ [1.42078, 0.960139, 1.08924, 1.0…   402.977    1.0       [0.0056016, 0.00648689, -0.00767…        415.133     -12.1557
 685 │ [1.42078, 0.960139, 1.08924, 1.0…  4525.75     0.999997  [0.0056016, 0.00648689, -0.00767…       4481.26       44.494
 686 │ [1.42078, 0.960139, 1.08924, 1.0…  5365.7      0.99999   [0.0056016, 0.00648689, -0.00767…       5250.45      115.25
 687 │ [1.42078, 0.960139, 1.08924, 1.0…  9330.89     0.998892  [0.0056016, 0.00648689, -0.00767…       9088.08      242.805
 688 │ [1.42078, 0.960139, 1.08924, 1.0…    63.2965   1.0       [0.0056016, 0.00648689, -0.00767…         76.1032    -12.8067
 689 │ [1.42078, 0.960139, 1.08924, 1.0…    53.7625   1.0       [0.0056016, 0.00648689, -0.00767…         69.359     -15.5964
 690 │ [1.42078, 0.960139, 1.08924, 1.0…    85.9046   1.0       [0.0056016, 0.00648689, -0.00767…         96.5358    -10.6312
 691 │ [1.42078, 0.960139, 1.08924, 1.0…    62.2671   1.0       [0.0056016, 0.00648689, -0.00767…         79.8791    -17.6119
 692 │ [1.42078, 0.960139, 1.08924, 1.0…   152.577    1.0       [0.0056016, 0.00648689, -0.00767…        159.41       -6.8332
 693 │ [1.42078, 0.960139, 1.08924, 1.0…   106.717    1.0       [0.0056016, 0.00648689, -0.00767…        127.554     -20.8362
 694 │ [1.42078, 0.960139, 1.08924, 1.0…   254.876    1.0       [0.0056016, 0.00648689, -0.00767…        257.679      -2.80278
 695 │ [1.42078, 0.960139, 1.08924, 1.0…   189.626    1.0       [0.0056016, 0.00648689, -0.00767…        213.543     -23.9165
 696 │ [1.42078, 0.960139, 1.08924, 1.0…   392.091    1.0       [0.0056016, 0.00648689, -0.00767…        390.613       1.47797
 697 │ [1.42078, 0.960139, 1.08924, 1.0…   311.709    1.0       [0.0056016, 0.00648689, -0.00767…        338.59      -26.8811
 698 │ [1.42078, 0.960139, 1.08924, 1.0…  4493.37     0.999997  [0.0056016, 0.00648689, -0.00767…       4404.71       88.6603
 699 │ [1.42078, 0.960139, 1.08924, 1.0…  5103.42     0.999993  [0.0056016, 0.00648689, -0.00767…       5173.9       -70.4834
 700 │ [1.42078, 0.960139, 1.08924, 1.0…  9280.58     0.998957  [0.0056016, 0.00648689, -0.00767…       9011.54      269.042
 701 │ [1.42078, 0.960139, 1.08924, 1.0…   259.731    1.0       [0.0056016, 0.00648689, -0.00767…        256.516       3.21483
 702 │ [1.42078, 0.960139, 1.08924, 1.0…   247.642    1.0       [0.0056016, 0.00648689, -0.00767…        249.772      -2.1296
 703 │ [1.42078, 0.960139, 1.08924, 1.0…   284.099    1.0       [0.0056016, 0.00648689, -0.00767…        276.948       7.1505
 704 │ [1.42078, 0.960139, 1.08924, 1.0…   254.073    1.0       [0.0056016, 0.00648689, -0.00767…        260.292      -6.21911
 705 │ [1.42078, 0.960139, 1.08924, 1.0…   353.422    1.0       [0.0056016, 0.00648689, -0.00767…        339.822      13.5998
 706 │ [1.42078, 0.960139, 1.08924, 1.0…   294.759    1.0       [0.0056016, 0.00648689, -0.00767…        307.966     -13.2074
 707 │ [1.42078, 0.960139, 1.08924, 1.0…   458.026    1.0       [0.0056016, 0.00648689, -0.00767…        438.091      19.9347
 708 │ [1.42078, 0.960139, 1.08924, 1.0…   373.509    1.0       [0.0056016, 0.00648689, -0.00767…        393.955     -20.4467
 709 │ [1.42078, 0.960139, 1.08924, 1.0…   597.215    1.0       [0.0056016, 0.00648689, -0.00767…        571.026      26.1885
 710 │ [1.42078, 0.960139, 1.08924, 1.0…   491.024    1.0       [0.0056016, 0.00648689, -0.00767…        519.003     -27.9786
 711 │ [1.42078, 0.960139, 1.08924, 1.0…  4701.78     0.999996  [0.0056016, 0.00648689, -0.00767…       4585.13      116.65
 712 │ [1.42078, 0.960139, 1.08924, 1.0…  5192.96     0.999992  [0.0056016, 0.00648689, -0.00767…       5354.32     -161.353
 713 │ [1.42078, 0.960139, 1.08924, 1.0…  9479.07     0.998676  [0.0056016, 0.00648689, -0.00767…       9191.95      287.12
 714 │ [1.42078, 0.960139, 1.08924, 1.0…   424.488    1.0       [0.0056016, 0.00648689, -0.00767…        458.434     -33.946
 715 │ [1.42078, 0.960139, 1.08924, 1.0…   422.368    1.0       [0.0056016, 0.00648689, -0.00767…        451.69      -29.3218
 716 │ [1.42078, 0.960139, 1.08924, 1.0…   441.963    1.0       [0.0056016, 0.00648689, -0.00767…        478.867     -36.904
 717 │ [1.42078, 0.960139, 1.08924, 1.0…   436.871    1.0       [0.0056016, 0.00648689, -0.00767…        462.21      -25.3391
 718 │ [1.42078, 0.960139, 1.08924, 1.0…   500.872    1.0       [0.0056016, 0.00648689, -0.00767…        541.741     -40.8688
 719 │ [1.42078, 0.960139, 1.08924, 1.0…   492.167    1.0       [0.0056016, 0.00648689, -0.00767…        509.884     -17.7169
 720 │ [1.42078, 0.960139, 1.08924, 1.0…   596.367    1.0       [0.0056016, 0.00648689, -0.00767…        640.01      -43.6421
 721 │ [1.42078, 0.960139, 1.08924, 1.0…   587.016    1.0       [0.0056016, 0.00648689, -0.00767…        595.873      -8.85778
 722 │ [1.42078, 0.960139, 1.08924, 1.0…   727.703    1.0       [0.0056016, 0.00648689, -0.00767…        772.944     -45.2411
 723 │ [1.42078, 0.960139, 1.08924, 1.0…   722.157    1.0       [0.0056016, 0.00648689, -0.00767…        720.921       1.23632
 724 │ [1.42078, 0.960139, 1.08924, 1.0…  4815.53     0.999995  [0.0056016, 0.00648689, -0.00767…       4787.04       28.4875
 725 │ [1.42078, 0.960139, 1.08924, 1.0…  5765.88     0.999985  [0.0056016, 0.00648689, -0.00767…       5556.23      209.641
 726 │ [1.42078, 0.960139, 1.08924, 1.0…  9628.91     0.998416  [0.0056016, 0.00648689, -0.00767…       9393.87      235.039
 727 │ [1.42078, 0.960139, 1.08924, 1.0…  1727.31     1.0       [0.0056016, 0.00648689, -0.00767…       1767.92      -40.6054
 728 │ [1.42078, 0.960139, 1.08924, 1.0…  1729.85     1.0       [0.0056016, 0.00648689, -0.00767…       1761.17      -31.3241
 729 │ [1.42078, 0.960139, 1.08924, 1.0…  1741.55     1.0       [0.0056016, 0.00648689, -0.00767…       1788.35      -46.8007
 730 │ [1.42078, 0.960139, 1.08924, 1.0…  1748.11     1.0       [0.0056016, 0.00648689, -0.00767…       1771.69      -23.5883
 731 │ [1.42078, 0.960139, 1.08924, 1.0…  1795.54     1.0       [0.0056016, 0.00648689, -0.00767…       1851.23      -55.6861
 732 │ [1.42078, 0.960139, 1.08924, 1.0…  1810.17     1.0       [0.0056016, 0.00648689, -0.00767…       1819.37       -9.20193
 733 │ [1.42078, 0.960139, 1.08924, 1.0…  1886.69     1.0       [0.0056016, 0.00648689, -0.00767…       1949.49      -62.8072
 734 │ [1.42078, 0.960139, 1.08924, 1.0…  1912.43     1.0       [0.0056016, 0.00648689, -0.00767…       1905.36        7.06667
 735 │ [1.42078, 0.960139, 1.08924, 1.0…  2014.23     1.0       [0.0056016, 0.00648689, -0.00767…       2082.43      -68.1965
 736 │ [1.42078, 0.960139, 1.08924, 1.0…  2055.64     1.0       [0.0056016, 0.00648689, -0.00767…       2030.41       25.2331
 737 │ [1.42078, 0.960139, 1.08924, 1.0…  6091.39     0.999977  [0.0056016, 0.00648689, -0.00767…       6096.53       -5.14326
 738 │ [1.42078, 0.960139, 1.08924, 1.0…  7251.79     0.999908  [0.0056016, 0.00648689, -0.00767…       6865.72      386.07
 739 │ [1.42078, 0.960139, 1.08924, 1.0…  1003.14     1.0       [0.0056016, 0.00648689, -0.00767…        965.756      37.381
 740 │ [1.42078, 0.960139, 1.08924, 1.0…   985.862    1.0       [0.0056016, 0.00648689, -0.00767…        959.012      26.8504
 741 │ [1.42078, 0.960139, 1.08924, 1.0…  1031.07     1.0       [0.0056016, 0.00648689, -0.00767…        986.189      44.8831
 742 │ [1.42078, 0.960139, 1.08924, 1.0…   988.068    1.0       [0.0056016, 0.00648689, -0.00767…        969.532      18.536
 743 │ [1.42078, 0.960139, 1.08924, 1.0…  1105.73     1.0       [0.0056016, 0.00648689, -0.00767…       1049.06       56.67
 744 │ [1.42078, 0.960139, 1.08924, 1.0…  1021.06     1.0       [0.0056016, 0.00648689, -0.00767…       1017.21        3.85514
 745 │ [1.42078, 0.960139, 1.08924, 1.0…  1214.95     1.0       [0.0056016, 0.00648689, -0.00767…       1147.33       67.6161
 746 │ [1.42078, 0.960139, 1.08924, 1.0…  1091.28     1.0       [0.0056016, 0.00648689, -0.00767…       1103.2       -11.9152
 747 │ [1.42078, 0.960139, 1.08924, 1.0…  1358.05     1.0       [0.0056016, 0.00648689, -0.00767…       1280.27       77.781
 748 │ [1.42078, 0.960139, 1.08924, 1.0…  1199.4      1.0       [0.0056016, 0.00648689, -0.00767…       1228.24      -28.8406
 749 │ [1.42078, 0.960139, 1.08924, 1.0…  5466.65     0.999989  [0.0056016, 0.00648689, -0.00767…       5294.37      172.287
 750 │ [1.42078, 0.960139, 1.08924, 1.0…  5713.91     0.999986  [0.0056016, 0.00648689, -0.00767…       6063.56     -349.642
 751 │ [1.42078, 0.960139, 1.08924, 1.0…  1517.04     1.0       [0.0056016, 0.00648689, -0.00767…       1466.79       50.2514
 752 │ [1.42078, 0.960139, 1.08924, 1.0…  1497.14     1.0       [0.0056016, 0.00648689, -0.00767…       1460.04       37.1002
 753 │ [1.42078, 0.960139, 1.08924, 1.0…  1546.77     1.0       [0.0056016, 0.00648689, -0.00767…       1487.22       59.5466
 754 │ [1.42078, 0.960139, 1.08924, 1.0…  1497.21     1.0       [0.0056016, 0.00648689, -0.00767…       1470.56       26.6481
 755 │ [1.42078, 0.960139, 1.08924, 1.0…  1624.1      1.0       [0.0056016, 0.00648689, -0.00767…       1550.09       74.0045
 756 │ [1.42078, 0.960139, 1.08924, 1.0…  1526.3      1.0       [0.0056016, 0.00648689, -0.00767…       1518.24        8.05845
 757 │ [1.42078, 0.960139, 1.08924, 1.0…  1735.6      1.0       [0.0056016, 0.00648689, -0.00767…       1648.36       87.2375
 758 │ [1.42078, 0.960139, 1.08924, 1.0…  1592.16     1.0       [0.0056016, 0.00648689, -0.00767…       1604.23      -12.064
 759 │ [1.42078, 0.960139, 1.08924, 1.0…  1880.62     1.0       [0.0056016, 0.00648689, -0.00767…       1781.3        99.325
 760 │ [1.42078, 0.960139, 1.08924, 1.0…  1695.48     1.0       [0.0056016, 0.00648689, -0.00767…       1729.27      -33.7938
 761 │ [1.42078, 0.960139, 1.08924, 1.0…  5989.79     0.99998   [0.0056016, 0.00648689, -0.00767…       5795.4       194.391
 762 │ [1.42078, 0.960139, 1.08924, 1.0…  6112.62     0.999977  [0.0056016, 0.00648689, -0.00767…       6564.59     -451.967
 763 │ [1.42078, 0.960139, 1.08924, 1.0…  2799.2      1.0       [0.0056016, 0.00648689, -0.00767…       2848.0       -48.8004
 764 │ [1.42078, 0.960139, 1.08924, 1.0…  2803.95     1.0       [0.0056016, 0.00648689, -0.00767…       2841.25      -37.3002
 765 │ [1.42078, 0.960139, 1.08924, 1.0…  2811.89     1.0       [0.0056016, 0.00648689, -0.00767…       2868.43      -56.5408
 766 │ [1.42078, 0.960139, 1.08924, 1.0…  2824.0      1.0       [0.0056016, 0.00648689, -0.00767…       2851.77      -27.7779
 767 │ [1.42078, 0.960139, 1.08924, 1.0…  2863.52     1.0       [0.0056016, 0.00648689, -0.00767…       2931.3       -67.7812
 768 │ [1.42078, 0.960139, 1.08924, 1.0…  2889.26     1.0       [0.0056016, 0.00648689, -0.00767…       2899.45      -10.1828
 769 │ [1.42078, 0.960139, 1.08924, 1.0…  2952.59     0.999999  [0.0056016, 0.00648689, -0.00767…       3029.57      -76.9851
 770 │ [1.42078, 0.960139, 1.08924, 1.0…  2995.03     0.999999  [0.0056016, 0.00648689, -0.00767…       2985.44        9.5974
 771 │ [1.42078, 0.960139, 1.08924, 1.0…  3078.31     0.999999  [0.0056016, 0.00648689, -0.00767…       3162.51      -84.2004
 772 │ [1.42078, 0.960139, 1.08924, 1.0…  3142.06     0.999999  [0.0056016, 0.00648689, -0.00767…       3110.48       31.5804
 773 │ [1.42078, 0.960139, 1.08924, 1.0…  7150.04     0.999919  [0.0056016, 0.00648689, -0.00767…       7176.61      -26.5704
 774 │ [1.42078, 0.960139, 1.08924, 1.0…  8409.44     0.999633  [0.0056016, 0.00648689, -0.00767…       7945.8       463.646
 775 │ [1.42078, 0.960139, 1.08924, 1.0…  2106.95     1.0       [0.0056016, 0.00648689, -0.00767…       2048.64       58.3145
 776 │ [1.42078, 0.960139, 1.08924, 1.0…  2084.43     1.0       [0.0056016, 0.00648689, -0.00767…       2041.89       42.5384
 777 │ [1.42078, 0.960139, 1.08924, 1.0…  2138.47     1.0       [0.0056016, 0.00648689, -0.00767…       2069.07       69.4006
 778 │ [1.42078, 0.960139, 1.08924, 1.0…  2082.35     1.0       [0.0056016, 0.00648689, -0.00767…       2052.41       29.9355
 779 │ [1.42078, 0.960139, 1.08924, 1.0…  2218.46     1.0       [0.0056016, 0.00648689, -0.00767…       2131.94       86.5208
 780 │ [1.42078, 0.960139, 1.08924, 1.0…  2107.49     1.0       [0.0056016, 0.00648689, -0.00767…       2100.09        7.40621
 781 │ [1.42078, 0.960139, 1.08924, 1.0…  2332.23     1.0       [0.0056016, 0.00648689, -0.00767…       2230.21      102.019
 782 │ [1.42078, 0.960139, 1.08924, 1.0…  2168.96     1.0       [0.0056016, 0.00648689, -0.00767…       2186.07      -17.1102
 783 │ [1.42078, 0.960139, 1.08924, 1.0…  2479.14     1.0       [0.0056016, 0.00648689, -0.00767…       2363.15      115.994
 784 │ [1.42078, 0.960139, 1.08924, 1.0…  2267.42     1.0       [0.0056016, 0.00648689, -0.00767…       2311.12      -43.7034
 785 │ [1.42078, 0.960139, 1.08924, 1.0…  6587.77     0.999959  [0.0056016, 0.00648689, -0.00767…       6377.25      210.52
 786 │ [1.42078, 0.960139, 1.08924, 1.0…  6584.95     0.999959  [0.0056016, 0.00648689, -0.00767…       7146.44     -561.481
 787 │ [1.42078, 0.960139, 1.08924, 1.0…  4208.28     0.999998  [0.0056016, 0.00648689, -0.00767…       4262.05      -53.7776
 788 │ [1.42078, 0.960139, 1.08924, 1.0…  4215.17     0.999998  [0.0056016, 0.00648689, -0.00767…       4255.31      -40.1441
 789 │ [1.42078, 0.960139, 1.08924, 1.0…  4219.48     0.999998  [0.0056016, 0.00648689, -0.00767…       4282.49      -63.006
 790 │ [1.42078, 0.960139, 1.08924, 1.0…  4236.92     0.999998  [0.0056016, 0.00648689, -0.00767…       4265.83      -28.9055
 791 │ [1.42078, 0.960139, 1.08924, 1.0…  4268.85     0.999997  [0.0056016, 0.00648689, -0.00767…       4345.36      -76.5158
 792 │ [1.42078, 0.960139, 1.08924, 1.0…  4305.28     0.999997  [0.0056016, 0.00648689, -0.00767…       4313.5        -8.22678
 793 │ [1.42078, 0.960139, 1.08924, 1.0…  4355.9      0.999997  [0.0056016, 0.00648689, -0.00767…       4443.63      -87.7323
 794 │ [1.42078, 0.960139, 1.08924, 1.0…  4414.41     0.999997  [0.0056016, 0.00648689, -0.00767…       4399.49       14.9202
 795 │ [1.42078, 0.960139, 1.08924, 1.0…  4479.85     0.999997  [0.0056016, 0.00648689, -0.00767…       4576.56      -96.7122
 796 │ [1.42078, 0.960139, 1.08924, 1.0…  4565.1      0.999996  [0.0056016, 0.00648689, -0.00767…       4524.54       40.5596
 797 │ [1.42078, 0.960139, 1.08924, 1.0…  8546.3      0.999567  [0.0056016, 0.00648689, -0.00767…       8590.67      -44.3627
 798 │ [1.42078, 0.960139, 1.08924, 1.0…  9900.25     0.997808  [0.0056016, 0.00648689, -0.00767…       9359.85      540.394
 799 │ [1.42078, 0.960139, 1.08924, 1.0…  3468.2      0.999999  [0.0056016, 0.00648689, -0.00767…       3405.78       62.4166
 800 │ [1.42078, 0.960139, 1.08924, 1.0…  3440.43     0.999999  [0.0056016, 0.00648689, -0.00767…       3399.03       41.3951
 801 │ [1.42078, 0.960139, 1.08924, 1.0…  3503.28     0.999999  [0.0056016, 0.00648689, -0.00767…       3426.21       77.0692
 802 │ [1.42078, 0.960139, 1.08924, 1.0…  3434.04     0.999999  [0.0056016, 0.00648689, -0.00767…       3409.55       24.4817
 803 │ [1.42078, 0.960139, 1.08924, 1.0…  3588.53     0.999999  [0.0056016, 0.00648689, -0.00767…       3489.09       99.4458
 804 │ [1.42078, 0.960139, 1.08924, 1.0…  3451.25     0.999999  [0.0056016, 0.00648689, -0.00767…       3457.23       -5.97498
 805 │ [1.42078, 0.960139, 1.08924, 1.0…  3706.73     0.999999  [0.0056016, 0.00648689, -0.00767…       3587.35      119.379
 806 │ [1.42078, 0.960139, 1.08924, 1.0…  3503.85     0.999999  [0.0056016, 0.00648689, -0.00767…       3543.22      -39.3691
 807 │ [1.42078, 0.960139, 1.08924, 1.0…  3857.29     0.999998  [0.0056016, 0.00648689, -0.00767…       3720.29      136.998
 808 │ [1.42078, 0.960139, 1.08924, 1.0…  3592.44     0.999999  [0.0056016, 0.00648689, -0.00767…       3668.27      -75.8278
 809 │ [1.42078, 0.960139, 1.08924, 1.0…  7961.22     0.999786  [0.0056016, 0.00648689, -0.00767…       7734.39      226.833
 810 │ [1.42078, 0.960139, 1.08924, 1.0…  7704.75     0.999842  [0.0056016, 0.00648689, -0.00767…       8503.58     -798.825
 811 │ [1.42078, 0.960139, 1.08924, 1.0…  8247.28     0.999698  [0.0056016, 0.00648689, -0.00767…       8263.15      -15.8722
 812 │ [1.42078, 0.960139, 1.08924, 1.0…  8258.15     0.999694  [0.0056016, 0.00648689, -0.00767…       8256.41        1.74483
 813 │ [1.42078, 0.960139, 1.08924, 1.0…  8255.71     0.999695  [0.0056016, 0.00648689, -0.00767…       8283.58      -27.8769
 814 │ [1.42078, 0.960139, 1.08924, 1.0…  8283.11     0.999685  [0.0056016, 0.00648689, -0.00767…       8266.93       16.1812
 815 │ [1.42078, 0.960139, 1.08924, 1.0…  8300.83     0.999678  [0.0056016, 0.00648689, -0.00767…       8346.46      -45.6248
 816 │ [1.42078, 0.960139, 1.08924, 1.0…  8357.21     0.999655  [0.0056016, 0.00648689, -0.00767…       8314.6        42.6057
 817 │ [1.42078, 0.960139, 1.08924, 1.0…  8384.12     0.999644  [0.0056016, 0.00648689, -0.00767…       8444.72      -60.603
 818 │ [1.42078, 0.960139, 1.08924, 1.0…  8472.61     0.999604  [0.0056016, 0.00648689, -0.00767…       8400.59       72.0187
 819 │ [1.42078, 0.960139, 1.08924, 1.0…  8504.78     0.999588  [0.0056016, 0.00648689, -0.00767…       8577.66      -72.8794
 820 │ [1.42078, 0.960139, 1.08924, 1.0…  8630.09     0.999522  [0.0056016, 0.00648689, -0.00767…       8525.64      104.457
 821 │ [1.42078, 0.960139, 1.08924, 1.0…  6661.25     0.999955  [0.0056016, 0.00648689, -0.00767…       6559.08      102.177
 822 │ [1.42078, 0.960139, 1.08924, 1.0…  6623.21     0.999957  [0.0056016, 0.00648689, -0.00767…       6552.33       70.8749
 823 │ [1.42078, 0.960139, 1.08924, 1.0…  6703.26     0.999953  [0.0056016, 0.00648689, -0.00767…       6579.51      123.745
 824 │ [1.42078, 0.960139, 1.08924, 1.0…  6608.29     0.999958  [0.0056016, 0.00648689, -0.00767…       6562.85       45.4371
 825 │ [1.42078, 0.960139, 1.08924, 1.0…  6798.57     0.999947  [0.0056016, 0.00648689, -0.00767…       6642.38      156.186
 826 │ [1.42078, 0.960139, 1.08924, 1.0…  6609.71     0.999958  [0.0056016, 0.00648689, -0.00767…       6610.53       -0.819615
 827 │ [1.42078, 0.960139, 1.08924, 1.0…  6925.07     0.999938  [0.0056016, 0.00648689, -0.00767…       6740.65      184.414
 828 │ [1.42078, 0.960139, 1.08924, 1.0…  6644.45     0.999956  [0.0056016, 0.00648689, -0.00767…       6696.52      -52.0636
 829 │ [1.42078, 0.960139, 1.08924, 1.0…  7082.22     0.999925  [0.0056016, 0.00648689, -0.00767…       6873.59      208.63
 830 │ [1.42078, 0.960139, 1.08924, 1.0…  6713.07     0.999952  [0.0056016, 0.00648689, -0.00767…       6821.56     -108.49
 831 │ [1.42078, 0.960139, 1.08924, 1.0…   110.793    1.0       [0.0056016, 0.00648689, -0.00767…        143.41      -32.6167
 832 │ [1.42078, 0.960139, 1.08924, 1.0…   127.357    1.0       [0.0056016, 0.00648689, -0.00767…        155.179     -27.8227
 833 │ [1.42078, 0.960139, 1.08924, 1.0…   114.274    1.0       [0.0056016, 0.00648689, -0.00767…        150.161     -35.8875
 834 │ [1.42078, 0.960139, 1.08924, 1.0…   155.702    1.0       [0.0056016, 0.00648689, -0.00767…        179.599     -23.8972
 835 │ [1.42078, 0.960139, 1.08924, 1.0…   150.342    1.0       [0.0056016, 0.00648689, -0.00767…        191.092     -40.75
 836 │ [1.42078, 0.960139, 1.08924, 1.0…   233.306    1.0       [0.0056016, 0.00648689, -0.00767…        250.063     -16.7576
 837 │ [1.42078, 0.960139, 1.08924, 1.0…   224.196    1.0       [0.0056016, 0.00648689, -0.00767…        269.178     -44.9829
 838 │ [1.42078, 0.960139, 1.08924, 1.0…   348.91     1.0       [0.0056016, 0.00648689, -0.00767…        357.868      -8.95843
 839 │ [1.42078, 0.960139, 1.08924, 1.0…   335.792    1.0       [0.0056016, 0.00648689, -0.00767…        384.539     -48.7467
 840 │ [1.42078, 0.960139, 1.08924, 1.0…   502.579    1.0       [0.0056016, 0.00648689, -0.00767…        503.213      -0.634037
 841 │ [1.42078, 0.960139, 1.08924, 1.0…  4600.23     0.999996  [0.0056016, 0.00648689, -0.00767…       4655.27      -55.0384
 842 │ [1.42078, 0.960139, 1.08924, 1.0…  5338.21     0.999991  [0.0056016, 0.00648689, -0.00767…       5145.92      192.295
 843 │ [1.42078, 0.960139, 1.08924, 1.0…    54.7304   1.0       [0.0056016, 0.00648689, -0.00767…         66.8666    -12.1362
 844 │ [1.42078, 0.960139, 1.08924, 1.0…    62.3879   1.0       [0.0056016, 0.00648689, -0.00767…         78.6363    -16.2484
 845 │ [1.42078, 0.960139, 1.08924, 1.0…    64.6967   1.0       [0.0056016, 0.00648689, -0.00767…         73.6182     -8.92146
 846 │ [1.42078, 0.960139, 1.08924, 1.0…    83.8459   1.0       [0.0056016, 0.00648689, -0.00767…        103.056     -19.2101
 847 │ [1.42078, 0.960139, 1.08924, 1.0…   111.208    1.0       [0.0056016, 0.00648689, -0.00767…        114.549      -3.34137
 848 │ [1.42078, 0.960139, 1.08924, 1.0…   149.572    1.0       [0.0056016, 0.00648689, -0.00767…        173.52      -23.9484
 849 │ [1.42078, 0.960139, 1.08924, 1.0…   195.069    1.0       [0.0056016, 0.00648689, -0.00767…        192.635       2.4338
 850 │ [1.42078, 0.960139, 1.08924, 1.0…   252.778    1.0       [0.0056016, 0.00648689, -0.00767…        281.325     -28.5474
 851 │ [1.42078, 0.960139, 1.08924, 1.0…   316.256    1.0       [0.0056016, 0.00648689, -0.00767…        307.995       8.26098
 852 │ [1.42078, 0.960139, 1.08924, 1.0…   393.505    1.0       [0.0056016, 0.00648689, -0.00767…        426.67      -33.1654
 853 │ [1.42078, 0.960139, 1.08924, 1.0…  4671.46     0.999996  [0.0056016, 0.00648689, -0.00767…       4578.73       92.7308
 854 │ [1.42078, 0.960139, 1.08924, 1.0…  5023.91     0.999994  [0.0056016, 0.00648689, -0.00767…       5069.37      -45.4602
 855 │ [1.42078, 0.960139, 1.08924, 1.0…   252.22     1.0       [0.0056016, 0.00648689, -0.00767…        247.279       4.94102
 856 │ [1.42078, 0.960139, 1.08924, 1.0…   255.229    1.0       [0.0056016, 0.00648689, -0.00767…        259.049      -3.81969
 857 │ [1.42078, 0.960139, 1.08924, 1.0…   265.566    1.0       [0.0056016, 0.00648689, -0.00767…        254.031      11.5357
 858 │ [1.42078, 0.960139, 1.08924, 1.0…   273.097    1.0       [0.0056016, 0.00648689, -0.00767…        283.469     -10.372
 859 │ [1.42078, 0.960139, 1.08924, 1.0…   317.518    1.0       [0.0056016, 0.00648689, -0.00767…        294.962      22.5565
 860 │ [1.42078, 0.960139, 1.08924, 1.0…   332.618    1.0       [0.0056016, 0.00648689, -0.00767…        353.933     -21.3148
 861 │ [1.42078, 0.960139, 1.08924, 1.0…   406.59     1.0       [0.0056016, 0.00648689, -0.00767…        373.048      33.542
 862 │ [1.42078, 0.960139, 1.08924, 1.0…   429.347    1.0       [0.0056016, 0.00648689, -0.00767…        461.738     -32.3905
 863 │ [1.42078, 0.960139, 1.08924, 1.0…   532.77     1.0       [0.0056016, 0.00648689, -0.00767…        488.408      44.3622
 864 │ [1.42078, 0.960139, 1.08924, 1.0…   563.308    1.0       [0.0056016, 0.00648689, -0.00767…        607.083     -43.7749
 865 │ [1.42078, 0.960139, 1.08924, 1.0…  4935.03     0.999994  [0.0056016, 0.00648689, -0.00767…       4759.14      175.887
 866 │ [1.42078, 0.960139, 1.08924, 1.0…  5085.82     0.999993  [0.0056016, 0.00648689, -0.00767…       5249.79     -163.97
 867 │ [1.42078, 0.960139, 1.08924, 1.0…   413.029    1.0       [0.0056016, 0.00648689, -0.00767…        449.197     -36.1681
 868 │ [1.42078, 0.960139, 1.08924, 1.0…   433.831    1.0       [0.0056016, 0.00648689, -0.00767…        460.967     -27.136
 869 │ [1.42078, 0.960139, 1.08924, 1.0…   413.427    1.0       [0.0056016, 0.00648689, -0.00767…        455.949     -42.5225
 870 │ [1.42078, 0.960139, 1.08924, 1.0…   465.451    1.0       [0.0056016, 0.00648689, -0.00767…        485.387     -19.936
 871 │ [1.42078, 0.960139, 1.08924, 1.0…   444.524    1.0       [0.0056016, 0.00648689, -0.00767…        496.88      -52.3561
 872 │ [1.42078, 0.960139, 1.08924, 1.0…   548.695    1.0       [0.0056016, 0.00648689, -0.00767…        555.851      -7.15585
 873 │ [1.42078, 0.960139, 1.08924, 1.0…   513.612    1.0       [0.0056016, 0.00648689, -0.00767…        574.966     -61.3538
 874 │ [1.42078, 0.960139, 1.08924, 1.0…   670.186    1.0       [0.0056016, 0.00648689, -0.00767…        663.656       6.52961
 875 │ [1.42078, 0.960139, 1.08924, 1.0…   620.637    1.0       [0.0056016, 0.00648689, -0.00767…        690.326     -69.6893
 876 │ [1.42078, 0.960139, 1.08924, 1.0…   829.994    1.0       [0.0056016, 0.00648689, -0.00767…        809.001      20.9927
 877 │ [1.42078, 0.960139, 1.08924, 1.0…  4841.7      0.999995  [0.0056016, 0.00648689, -0.00767…       4961.06     -119.36
 878 │ [1.42078, 0.960139, 1.08924, 1.0…  5762.47     0.999985  [0.0056016, 0.00648689, -0.00767…       5451.7       310.765
 879 │ [1.42078, 0.960139, 1.08924, 1.0…  1714.18     1.0       [0.0056016, 0.00648689, -0.00767…       1758.68      -44.5
 880 │ [1.42078, 0.960139, 1.08924, 1.0…  1742.96     1.0       [0.0056016, 0.00648689, -0.00767…       1770.45      -27.4944
 881 │ [1.42078, 0.960139, 1.08924, 1.0…  1708.77     1.0       [0.0056016, 0.00648689, -0.00767…       1765.43      -56.6617
 882 │ [1.42078, 0.960139, 1.08924, 1.0…  1780.73     1.0       [0.0056016, 0.00648689, -0.00767…       1794.87      -14.1381
 883 │ [1.42078, 0.960139, 1.08924, 1.0…  1730.51     1.0       [0.0056016, 0.00648689, -0.00767…       1806.37      -75.8559
 884 │ [1.42078, 0.960139, 1.08924, 1.0…  1874.59     1.0       [0.0056016, 0.00648689, -0.00767…       1865.34        9.25364
 885 │ [1.42078, 0.960139, 1.08924, 1.0…  1790.62     1.0       [0.0056016, 0.00648689, -0.00767…       1884.45      -93.8323
 886 │ [1.42078, 0.960139, 1.08924, 1.0…  2007.14     1.0       [0.0056016, 0.00648689, -0.00767…       1973.14       34.0028
 887 │ [1.42078, 0.960139, 1.08924, 1.0…  1889.03     1.0       [0.0056016, 0.00648689, -0.00767…       1999.81     -110.784
 888 │ [1.42078, 0.960139, 1.08924, 1.0…  2178.48     1.0       [0.0056016, 0.00648689, -0.00767…       2118.49       59.9949
 889 │ [1.42078, 0.960139, 1.08924, 1.0…  6028.16     0.999979  [0.0056016, 0.00648689, -0.00767…       6270.54     -242.383
 890 │ [1.42078, 0.960139, 1.08924, 1.0…  7291.95     0.999904  [0.0056016, 0.00648689, -0.00767…       6761.19      530.759
 891 │ [1.42078, 0.960139, 1.08924, 1.0…   997.861    1.0       [0.0056016, 0.00648689, -0.00767…        956.52       41.3414
 892 │ [1.42078, 0.960139, 1.08924, 1.0…   991.257    1.0       [0.0056016, 0.00648689, -0.00767…        968.289      22.9677
 893 │ [1.42078, 0.960139, 1.08924, 1.0…  1018.2      1.0       [0.0056016, 0.00648689, -0.00767…        963.271      54.9241
 894 │ [1.42078, 0.960139, 1.08924, 1.0…  1001.69     1.0       [0.0056016, 0.00648689, -0.00767…        992.709       8.97748
 895 │ [1.42078, 0.960139, 1.08924, 1.0…  1081.39     1.0       [0.0056016, 0.00648689, -0.00767…       1004.2        77.1887
 896 │ [1.42078, 0.960139, 1.08924, 1.0…  1048.36     1.0       [0.0056016, 0.00648689, -0.00767…       1063.17      -14.809
 897 │ [1.42078, 0.960139, 1.08924, 1.0…  1181.22     1.0       [0.0056016, 0.00648689, -0.00767…       1082.29       98.935
 898 │ [1.42078, 0.960139, 1.08924, 1.0…  1131.67     1.0       [0.0056016, 0.00648689, -0.00767…       1170.98      -39.3122
 899 │ [1.42078, 0.960139, 1.08924, 1.0…  1317.7      1.0       [0.0056016, 0.00648689, -0.00767…       1197.65      120.053
 900 │ [1.42078, 0.960139, 1.08924, 1.0…  1251.59     1.0       [0.0056016, 0.00648689, -0.00767…       1316.32      -64.732
 901 │ [1.42078, 0.960139, 1.08924, 1.0…  5816.62     0.999984  [0.0056016, 0.00648689, -0.00767…       5468.38      348.239
 902 │ [1.42078, 0.960139, 1.08924, 1.0…  5548.99     0.999988  [0.0056016, 0.00648689, -0.00767…       5959.03     -410.034
 903 │ [1.42078, 0.960139, 1.08924, 1.0…  1512.93     1.0       [0.0056016, 0.00648689, -0.00767…       1457.55       55.3816
 904 │ [1.42078, 0.960139, 1.08924, 1.0…  1501.39     1.0       [0.0056016, 0.00648689, -0.00767…       1469.32       32.0697
 905 │ [1.42078, 0.960139, 1.08924, 1.0…  1536.86     1.0       [0.0056016, 0.00648689, -0.00767…       1464.3        72.5549
 906 │ [1.42078, 0.960139, 1.08924, 1.0…  1508.0      1.0       [0.0056016, 0.00648689, -0.00767…       1493.74       14.2562
 907 │ [1.42078, 0.960139, 1.08924, 1.0…  1605.82     1.0       [0.0056016, 0.00648689, -0.00767…       1505.23      100.589
 908 │ [1.42078, 0.960139, 1.08924, 1.0…  1548.07     1.0       [0.0056016, 0.00648689, -0.00767…       1564.21      -16.1387
 909 │ [1.42078, 0.960139, 1.08924, 1.0…  1711.17     1.0       [0.0056016, 0.00648689, -0.00767…       1583.32      127.853
 910 │ [1.42078, 0.960139, 1.08924, 1.0…  1624.45     1.0       [0.0056016, 0.00648689, -0.00767…       1672.01      -47.5575
 911 │ [1.42078, 0.960139, 1.08924, 1.0…  1852.93     1.0       [0.0056016, 0.00648689, -0.00767…       1698.68      154.25
 912 │ [1.42078, 0.960139, 1.08924, 1.0…  1737.15     1.0       [0.0056016, 0.00648689, -0.00767…       1817.36      -80.2068
 913 │ [1.42078, 0.960139, 1.08924, 1.0…  6401.14     0.999967  [0.0056016, 0.00648689, -0.00767…       5969.41      431.728
 914 │ [1.42078, 0.960139, 1.08924, 1.0…  5917.87     0.999982  [0.0056016, 0.00648689, -0.00767…       6460.06     -542.19
 915 │ [1.42078, 0.960139, 1.08924, 1.0…  2785.31     1.0       [0.0056016, 0.00648689, -0.00767…       2838.76      -53.4478
 916 │ [1.42078, 0.960139, 1.08924, 1.0…  2817.8      1.0       [0.0056016, 0.00648689, -0.00767…       2850.53      -32.7309
 917 │ [1.42078, 0.960139, 1.08924, 1.0…  2777.2      1.0       [0.0056016, 0.00648689, -0.00767…       2845.51      -68.3134
 918 │ [1.42078, 0.960139, 1.08924, 1.0…  2858.44     1.0       [0.0056016, 0.00648689, -0.00767…       2874.95      -16.5104
 919 │ [1.42078, 0.960139, 1.08924, 1.0…  2794.58     1.0       [0.0056016, 0.00648689, -0.00767…       2886.44      -91.8664
 920 │ [1.42078, 0.960139, 1.08924, 1.0…  2957.23     0.999999  [0.0056016, 0.00648689, -0.00767…       2945.41       11.8173
 921 │ [1.42078, 0.960139, 1.08924, 1.0…  2850.5      1.0       [0.0056016, 0.00648689, -0.00767…       2964.53     -114.028
 922 │ [1.42078, 0.960139, 1.08924, 1.0…  3094.93     0.999999  [0.0056016, 0.00648689, -0.00767…       3053.22       41.7087
 923 │ [1.42078, 0.960139, 1.08924, 1.0…  2944.9      0.999999  [0.0056016, 0.00648689, -0.00767…       3079.89     -134.994
 924 │ [1.42078, 0.960139, 1.08924, 1.0…  3271.62     0.999999  [0.0056016, 0.00648689, -0.00767…       3198.56       73.0604
 925 │ [1.42078, 0.960139, 1.08924, 1.0…  7045.81     0.999929  [0.0056016, 0.00648689, -0.00767…       7350.62     -304.808
 926 │ [1.42078, 0.960139, 1.08924, 1.0…  8468.8      0.999606  [0.0056016, 0.00648689, -0.00767…       7841.27      627.532
 927 │ [1.42078, 0.960139, 1.08924, 1.0…  2104.05     1.0       [0.0056016, 0.00648689, -0.00767…       2039.4        64.6496
 928 │ [1.42078, 0.960139, 1.08924, 1.0…  2087.49     1.0       [0.0056016, 0.00648689, -0.00767…       2051.17       36.325
 929 │ [1.42078, 0.960139, 1.08924, 1.0…  2131.61     1.0       [0.0056016, 0.00648689, -0.00767…       2046.15       85.4596
 930 │ [1.42078, 0.960139, 1.08924, 1.0…  2090.22     1.0       [0.0056016, 0.00648689, -0.00767…       2075.59       14.6289
 931 │ [1.42078, 0.960139, 1.08924, 1.0…  2206.42     1.0       [0.0056016, 0.00648689, -0.00767…       2087.08      119.343
 932 │ [1.42078, 0.960139, 1.08924, 1.0…  2123.58     1.0       [0.0056016, 0.00648689, -0.00767…       2146.05      -22.4731
 933 │ [1.42078, 0.960139, 1.08924, 1.0…  2317.36     1.0       [0.0056016, 0.00648689, -0.00767…       2165.17      152.197
 934 │ [1.42078, 0.960139, 1.08924, 1.0…  2192.94     1.0       [0.0056016, 0.00648689, -0.00767…       2253.86      -60.9151
 935 │ [1.42078, 0.960139, 1.08924, 1.0…  2464.46     1.0       [0.0056016, 0.00648689, -0.00767…       2280.53      183.935
 936 │ [1.42078, 0.960139, 1.08924, 1.0…  2298.29     1.0       [0.0056016, 0.00648689, -0.00767…       2399.2      -100.917
 937 │ [1.42078, 0.960139, 1.08924, 1.0…  7062.4      0.999927  [0.0056016, 0.00648689, -0.00767…       6551.26      511.138
 938 │ [1.42078, 0.960139, 1.08924, 1.0…  6359.94     0.999969  [0.0056016, 0.00648689, -0.00767…       7041.91     -681.963
 939 │ [1.42078, 0.960139, 1.08924, 1.0…  4193.7      0.999998  [0.0056016, 0.00648689, -0.00767…       4252.82      -59.1207
 940 │ [1.42078, 0.960139, 1.08924, 1.0…  4229.69     0.999998  [0.0056016, 0.00648689, -0.00767…       4264.59      -34.8944
 941 │ [1.42078, 0.960139, 1.08924, 1.0…  4183.02     0.999998  [0.0056016, 0.00648689, -0.00767…       4259.57      -76.5454
 942 │ [1.42078, 0.960139, 1.08924, 1.0…  4273.04     0.999997  [0.0056016, 0.00648689, -0.00767…       4289.01      -15.9635
 943 │ [1.42078, 0.960139, 1.08924, 1.0…  4196.28     0.999998  [0.0056016, 0.00648689, -0.00767…       4300.5      -104.224
 944 │ [1.42078, 0.960139, 1.08924, 1.0…  4376.5      0.999997  [0.0056016, 0.00648689, -0.00767…       4359.47       17.0325
 945 │ [1.42078, 0.960139, 1.08924, 1.0…  4248.24     0.999998  [0.0056016, 0.00648689, -0.00767…       4378.59     -130.343
 946 │ [1.42078, 0.960139, 1.08924, 1.0…  4519.06     0.999997  [0.0056016, 0.00648689, -0.00767…       4467.28       51.7875
 947 │ [1.42078, 0.960139, 1.08924, 1.0…  4338.84     0.999997  [0.0056016, 0.00648689, -0.00767…       4493.95     -155.111
 948 │ [1.42078, 0.960139, 1.08924, 1.0…  4700.82     0.999996  [0.0056016, 0.00648689, -0.00767…       4612.62       88.2025
 949 │ [1.42078, 0.960139, 1.08924, 1.0…  8403.6      0.999636  [0.0056016, 0.00648689, -0.00767…       8764.68     -361.083
 950 │ [1.42078, 0.960139, 1.08924, 1.0…  9976.9      0.997597  [0.0056016, 0.00648689, -0.00767…       9255.32      721.576
 951 │ [1.42078, 0.960139, 1.08924, 1.0…  3467.78     0.999999  [0.0056016, 0.00648689, -0.00767…       3396.54       71.2428
 952 │ [1.42078, 0.960139, 1.08924, 1.0…  3441.05     0.999999  [0.0056016, 0.00648689, -0.00767…       3408.31       32.7367
 953 │ [1.42078, 0.960139, 1.08924, 1.0…  3502.74     0.999999  [0.0056016, 0.00648689, -0.00767…       3403.29       99.4469
 954 │ [1.42078, 0.960139, 1.08924, 1.0…  3435.88     0.999999  [0.0056016, 0.00648689, -0.00767…       3432.73        3.15278
 955 │ [1.42078, 0.960139, 1.08924, 1.0…  3589.42     0.999999  [0.0056016, 0.00648689, -0.00767…       3444.22      145.2
 956 │ [1.42078, 0.960139, 1.08924, 1.0…  3455.59     0.999999  [0.0056016, 0.00648689, -0.00767…       3503.2       -47.6028
 957 │ [1.42078, 0.960139, 1.08924, 1.0…  3711.69     0.999999  [0.0056016, 0.00648689, -0.00767…       3522.31      189.383
 958 │ [1.42078, 0.960139, 1.08924, 1.0…  3510.65     0.999999  [0.0056016, 0.00648689, -0.00767…       3611.0      -100.348
 959 │ [1.42078, 0.960139, 1.08924, 1.0…  3869.61     0.999998  [0.0056016, 0.00648689, -0.00767…       3637.67      231.944
 960 │ [1.42078, 0.960139, 1.08924, 1.0…  3601.01     0.999999  [0.0056016, 0.00648689, -0.00767…       3756.35     -155.335
 961 │ [1.42078, 0.960139, 1.08924, 1.0…  8567.7      0.999556  [0.0056016, 0.00648689, -0.00767…       7908.4       659.299
 962 │ [1.42078, 0.960139, 1.08924, 1.0…  7418.51     0.999888  [0.0056016, 0.00648689, -0.00767…       8399.05     -980.534
 963 │ [1.42078, 0.960139, 1.08924, 1.0…  8231.49     0.999704  [0.0056016, 0.00648689, -0.00767…       8253.91      -22.4246
 964 │ [1.42078, 0.960139, 1.08924, 1.0…  8273.86     0.999688  [0.0056016, 0.00648689, -0.00767…       8265.68        8.17531
 965 │ [1.42078, 0.960139, 1.08924, 1.0…  8216.17     0.999709  [0.0056016, 0.00648689, -0.00767…       8260.66      -44.4911
 966 │ [1.42078, 0.960139, 1.08924, 1.0…  8322.13     0.999669  [0.0056016, 0.00648689, -0.00767…       8290.1        32.0247
 967 │ [1.42078, 0.960139, 1.08924, 1.0…  8221.94     0.999707  [0.0056016, 0.00648689, -0.00767…       8301.6       -79.6587
 968 │ [1.42078, 0.960139, 1.08924, 1.0…  8434.06     0.999622  [0.0056016, 0.00648689, -0.00767…       8360.57       73.4945
 969 │ [1.42078, 0.960139, 1.08924, 1.0…  8266.72     0.999691  [0.0056016, 0.00648689, -0.00767…       8379.68     -112.963
 970 │ [1.42078, 0.960139, 1.08924, 1.0…  8585.44     0.999547  [0.0056016, 0.00648689, -0.00767…       8468.37      117.072
 971 │ [1.42078, 0.960139, 1.08924, 1.0…  8350.42     0.999658  [0.0056016, 0.00648689, -0.00767…       8495.04     -144.624
 972 │ [1.42078, 0.960139, 1.08924, 1.0…  8776.39     0.99943   [0.0056016, 0.00648689, -0.00767…       8613.72      162.677
 973 │ [1.42078, 0.960139, 1.08924, 1.0…  6666.08     0.999955  [0.0056016, 0.00648689, -0.00767…       6549.84      116.237
 974 │ [1.42078, 0.960139, 1.08924, 1.0…  6618.7      0.999957  [0.0056016, 0.00648689, -0.00767…       6561.61       57.0851
 975 │ [1.42078, 0.960139, 1.08924, 1.0…  6716.0      0.999952  [0.0056016, 0.00648689, -0.00767…       6556.59      159.407
 976 │ [1.42078, 0.960139, 1.08924, 1.0…  6597.51     0.999958  [0.0056016, 0.00648689, -0.00767…       6586.03       11.4817
 977 │ [1.42078, 0.960139, 1.08924, 1.0…  6826.68     0.999945  [0.0056016, 0.00648689, -0.00767…       6597.52      229.157
 978 │ [1.42078, 0.960139, 1.08924, 1.0…  6589.46     0.999959  [0.0056016, 0.00648689, -0.00767…       6656.5       -67.033
 979 │ [1.42078, 0.960139, 1.08924, 1.0…  6971.82     0.999935  [0.0056016, 0.00648689, -0.00767…       6675.61      296.205
 980 │ [1.42078, 0.960139, 1.08924, 1.0…  6615.38     0.999957  [0.0056016, 0.00648689, -0.00767…       6764.3      -148.916
 981 │ [1.42078, 0.960139, 1.08924, 1.0…  7151.53     0.999919  [0.0056016, 0.00648689, -0.00767…       6790.97      360.556
 982 │ [1.42078, 0.960139, 1.08924, 1.0…  6675.17     0.999954  [0.0056016, 0.00648689, -0.00767…       6909.65     -234.48
 983 │ [1.42078, 0.960139, 1.08924, 1.0…  9988.45     0.997564  [0.0056016, 0.00648689, -0.00767…      11552.3     -1563.9
Total rms:
179.5700963123887
rms for energies below 10000 cm-1:
179.5700963123887
rms for energies below 5000 cm-1:
62.37017944843565
rms for energies below 1000 cm-1:
27.10710016963831
Error in parameters: 
error
